一级,二级,情形抽取,法条依据,法条内容,类案,处罚依据,处罚种类,处罚幅度,涉刑风险,刑法依据,刑法内容
客运车辆,资质问题,无证经营,《道路旅客运输及客运站管理规定》第九十三条第（二）项,"违反本规定，有下列行为之一的，由县级以上道路运输管理机构责令停止经营；有违法所得的，没收违法所得，处违法所得2倍以上10倍以下的罚款；没有违法所得或者违法所得不足2万元的，处3万元以上10万元以下的罚款；构成犯罪的，依法追究刑事责任：
（一）未取得道路客运经营许可，擅自从事道路客运经营的；
（二）【未取得道路客运班线经营许可，擅自从事班车客运经营的】；
（三）使用失效、伪造、变造、被注销等无效的道路客运许可证件从事道路客运经营的；
（四）超越许可事项，从事道路客运经营的。",暂无,未取得道路客运班线经营许可，擅自从事班车客运经营。,责令停止经营|没收违法所得|罚款|追究刑事责任,有违法所得的，没收违法所得，处违法所得2倍以上10倍以下的罚款；没有违法所得或者违法所得不足2万元的，处3万元以上10万元以下的罚款,【非法经营罪】,《中华人民共和国刑法》第二百二十五条,"违反国家规定，有下列非法经营行为之一，扰乱市场秩序，情节严重的，处五年以下有期徒刑或者拘役，并处或者单处违法所得一倍以上五倍以下罚金；情节特别严重的，处五年以上有期徒刑，并处违法所得一倍以上五倍以下罚金或者没收财产：
　　（一）未经许可经营法律、行政法规规定的专营、专卖物品或者其他限制买卖的物品的；
　　（二）买卖进出口许可证、进出口原产地证明以及其他法律、行政法规规定的经营许可证或者批准文件的；
　　（三）未经国家有关主管部门批准非法经营证券、期货、保险业务的，或者非法从事资金支付结算业务的；
　　（四）【其他严重扰乱市场秩序的非法经营行为】。"
客运车辆,营运问题,班车不按批准的客运站点停靠,《中华人民共和国道路运输条例》第六十九条第（一）项|《道路旅客运输及客运站管理规定》第一百条第（一）项,"违反本条例之规定。处罚决定：客运经营者、货运经营者有下列情形之一的，由县级以上地方人民政府交通运输主管部门责令改正，处1000元以上3000元以下的罚款；情节严重的，由原许可机关吊销道路运输经营许可证：
　　（一）【不按批准的客运站点停靠或者不按规定的线路、公布的班次行驶的】；
　　（二）强行招揽旅客、货物的；
　　（三）在旅客运输途中擅自变更运输车辆或者将旅客移交他人运输的；
　　（四）未报告原许可机关，擅自终止客运经营的；
　　（五）没有采取必要措施防止货物脱落、扬撒等的。
|违反本规定，客运经营者有下列情形之一的，由县级以上道路运输管理机构责令改正，处1000元以上3000元以下的罚款：
　　（一）【客运班车不按照批准的配客站点停靠或者不按照规定的线路、日发班次下限行驶的】；
　　（二）加班车、顶班车、接驳车无正当理由不按照规定的线路、站点运行的；
　　（三）以欺骗、暴力等手段招揽旅客的；
　　（四）擅自将旅客移交他人运输的；
　　（五）在旅客运输途中擅自变更运输车辆的；
　　（六）未报告原许可机关，擅自终止道路客运经营的；
　　（七）客运包车未持有效的包车客运标志牌进行经营的，不按照包车客运标志牌载明的事项运行的，线路两端均不在车籍所在地的，招揽包车合同以外的旅客乘车的；
　　（八）开展定制客运未按照规定备案的；
　　（九）未按照规定在发车前对旅客进行安全事项告知的。
　　违反前款第（一）至（六）项规定，情节严重的，由原许可机关吊销相应许可。","违法事实：你单位在2018年驾驶员何某驾驶车辆在某道路因违反《中华人民共和国道路运输条例》第六十九条第（一）项、《道路旅客运输及客运站管理规定》第三十六条第一款， 被我执法人员查获。
处罚依据：《中华人民共和国道路运输条例》第六十九条第（一）项、《道路旅客运输及客运站管理规定》第八十六条第（一）项之规定。
处罚决定：对你单位处责令改正，并处以罚款人民币1000元整。
|违法事实：你单位在2018年某市道路运输管理局执法人员巡查时发现一辆普通客车有违法嫌疑，于是指挥该车驾驶员靠边停车接受检查。经检查相关证件，并对该车驾驶员范某制作现场笔录后发现：该车驾驶员范某驾驶普通客车在火车站旅游集散中心下客10人，车上还有7名成人和小孩，被现场运管人员查获，故该车所在公司乙公司构成客运经营者不按批准的客运站点停靠的行为。
处罚依据：《中华人民共和国道路运输条例》第六十九条第（一）项、《道路旅客运输及客运站管理规定》第三十六条第一款之规定。
处罚决定：处以罚款人民币1000元整，责令改正。",客运经营者不按批准的配客站点停靠。,责令改正|罚款|吊销许可证,处1000元以上3000元以下的罚款,暂无,,
客运车辆,营运问题,班车不按照规定的路线、班次行驶,《中华人民共和国道路运输条例》第六十九条第（一）项|《道路旅客运输及客运站管理规定》第一百条第（一）项,"违反本条例之规定。处罚决定：客运经营者、货运经营者有下列情形之一的，由县级以上地方人民政府交通运输主管部门责令改正，处1000元以上3000元以下的罚款；情节严重的，由原许可机关吊销道路运输经营许可证：
　　（一）【不按批准的客运站点停靠或者不按规定的线路、公布的班次行驶的】；
　　（二）强行招揽旅客、货物的；
　　（三）在旅客运输途中擅自变更运输车辆或者将旅客移交他人运输的；
　　（四）未报告原许可机关，擅自终止客运经营的；
　　（五）没有采取必要措施防止货物脱落、扬撒等的。
|违反本规定，客运经营者有下列情形之一的，由县级以上道路运输管理机构责令改正，处1000元以上3000元以下的罚款：
　　（一）【客运班车不按照批准的配客站点停靠或者不按照规定的线路、日发班次下限行驶的】；
　　（二）加班车、顶班车、接驳车无正当理由不按照规定的线路、站点运行的；
　　（三）以欺骗、暴力等手段招揽旅客的；
　　（四）擅自将旅客移交他人运输的；
　　（五）在旅客运输途中擅自变更运输车辆的；
　　（六）未报告原许可机关，擅自终止道路客运经营的；
　　（七）客运包车未持有效的包车客运标志牌进行经营的，不按照包车客运标志牌载明的事项运行的，线路两端均不在车籍所在地的，招揽包车合同以外的旅客乘车的；
　　（八）开展定制客运未按照规定备案的；
　　（九）未按照规定在发车前对旅客进行安全事项告知的。
　　违反前款第（一）至（六）项规定，情节严重的，由原许可机关吊销相应许可。",暂无,客运班车不按照批准的配客站点停靠或者不按照规定的线路、日发班次下限行驶。,责令改正|罚款|吊销许可证,处1000元以上3000元以下的罚款,暂无,,
客运车辆,营运问题,以欺骗、胁迫等手段强行招揽旅客、货物,《中华人民共和国道路运输条例》第六十九条第（二）项|《道路旅客运输及客运站管理规定》第一百条第（三）项,"违反本条例之规定。处罚决定：客运经营者、货运经营者有下列情形之一的，由县级以上地方人民政府交通运输主管部门责令改正，处1000元以上3000元以下的罚款；情节严重的，由原许可机关吊销道路运输经营许可证：
　　（一）不按批准的客运站点停靠或者不按规定的线路、公布的班次行驶的；
　　（二）【强行招揽旅客、货物的】；
　　（三）在旅客运输途中擅自变更运输车辆或者将旅客移交他人运输的；
　　（四）未报告原许可机关，擅自终止客运经营的；
　　（五）没有采取必要措施防止货物脱落、扬撒等的。
|违反本规定，客运经营者有下列情形之一的，由县级以上道路运输管理机构责令改正，处1000元以上3000元以下的罚款：
　　（一）客运班车不按照批准的配客站点停靠或者不按照规定的线路、日发班次下限行驶的；
　　（二）加班车、顶班车、接驳车无正当理由不按照规定的线路、站点运行的；
　　（三）【以欺骗、暴力等手段招揽旅客的】；
　　（四）擅自将旅客移交他人运输的；
　　（五）在旅客运输途中擅自变更运输车辆的；
　　（六）未报告原许可机关，擅自终止道路客运经营的；
　　（七）客运包车未持有效的包车客运标志牌进行经营的，不按照包车客运标志牌载明的事项运行的，线路两端均不在车籍所在地的，招揽包车合同以外的旅客乘车的；
　　（八）开展定制客运未按照规定备案的；
　　（九）未按照规定在发车前对旅客进行安全事项告知的。
　　违反前款第（一）至（六）项规定，情节严重的，由原许可机关吊销相应许可。",暂无,客运经营者强行招揽旅客、货物。,责令改正|罚款|吊销许可证,处1000元以上3000元以下的罚款,暂无,,
客运车辆,营运问题,擅自将旅客移交他人运输,《中华人民共和国道路运输条例》第六十九条第（三）项|《道路旅客运输及客运站管理规定》第一百条第（四）项,"违反本条例之规定。处罚决定：客运经营者、货运经营者有下列情形之一的，由县级以上地方人民政府交通运输主管部门责令改正，处1000元以上3000元以下的罚款；情节严重的，由原许可机关吊销道路运输经营许可证：
　　（一）不按批准的客运站点停靠或者不按规定的线路、公布的班次行驶的；
　　（二）强行招揽旅客、货物的；
　　（三）【在旅客运输途中擅自变更运输车辆或者将旅客移交他人运输的】；
　　（四）未报告原许可机关，擅自终止客运经营的；
　　（五）没有采取必要措施防止货物脱落、扬撒等的。
|违反本规定，客运经营者有下列情形之一的，由县级以上道路运输管理机构责令改正，处1000元以上3000元以下的罚款：
　　（一）客运班车不按照批准的配客站点停靠或者不按照规定的线路、日发班次下限行驶的；
　　（二）加班车、顶班车、接驳车无正当理由不按照规定的线路、站点运行的；
　　（三）以欺骗、暴力等手段招揽旅客的；
　　（四）【擅自将旅客移交他人运输的】；
　　（五）在旅客运输途中擅自变更运输车辆的；
　　（六）未报告原许可机关，擅自终止道路客运经营的；
　　（七）客运包车未持有效的包车客运标志牌进行经营的，不按照包车客运标志牌载明的事项运行的，线路两端均不在车籍所在地的，招揽包车合同以外的旅客乘车的；
　　（八）开展定制客运未按照规定备案的；
　　（九）未按照规定在发车前对旅客进行安全事项告知的。
　　违反前款第（一）至（六）项规定，情节严重的，由原许可机关吊销相应许可。","违法事实: 2022年1月，区交通运输局执法人员对一辆普通客车进行检查，经查：该大型普通客车驾驶员是白某，车辆所有人是甲公司，为省际班车。据驾驶员自述：在某路交叉口将乘客10人转驳至其他车辆。
处罚依据: 《中华人民共和国道路运输条例》第六十九条第（三）项、《道路旅客运输及客运站管理规定》第一百条第一款第（四）项、第二款之规定。
处罚决定：罚款人民币1250元整。
|违法事实：2017年08月，某站运管所工作人员接投诉件，车上乘客投诉一辆客运班车早上9：05左右从汽车南站出发，在火车站附近将其移交其他车辆运输，于是我所要求该车车主前来接受核实调查。经核实调查，并对该车驾驶员梁某制作现场笔录后发现：该车驾驶员梁某驾驶车辆违反《中华人民共和国道路运输条例》第六十九条第（三）项、《道路旅客运输及客运站管理规定》第三十九条，客运经营者在旅客运输途中擅自将旅客移交他人运输。
处罚依据：《中华人民共和国道路运输条例》第六十九条第（三）项、《道路旅客运输及客运站管理规定》第八十六条第（五）项之规定。
处罚决定：处以罚款人民币1000元整。",客运经营者在旅客运输途中擅自将旅客移交他人运输。,责令改正|罚款|吊销许可证,处1000元以上3000元以下的罚款,暂无,,
客运车辆,营运问题,运输途中擅自变更运输车辆,《中华人民共和国道路运输条例》第六十九条第（三）项|《道路旅客运输及客运站管理规定》第一百条第（五）项,"违反本条例之规定。处罚决定：客运经营者、货运经营者有下列情形之一的，由县级以上地方人民政府交通运输主管部门责令改正，处1000元以上3000元以下的罚款；情节严重的，由原许可机关吊销道路运输经营许可证：
　　（一）不按批准的客运站点停靠或者不按规定的线路、公布的班次行驶的；
　　（二）强行招揽旅客、货物的；
　　（三）【在旅客运输途中擅自变更运输车辆或者将旅客移交他人运输的】；
　　（四）未报告原许可机关，擅自终止客运经营的；
　　（五）没有采取必要措施防止货物脱落、扬撒等的。
|违反本规定，客运经营者有下列情形之一的，由县级以上道路运输管理机构责令改正，处1000元以上3000元以下的罚款：
　　（一）客运班车不按照批准的配客站点停靠或者不按照规定的线路、日发班次下限行驶的；
　　（二）加班车、顶班车、接驳车无正当理由不按照规定的线路、站点运行的；
　　（三）以欺骗、暴力等手段招揽旅客的；
　　（四）擅自将旅客移交他人运输的；
　　（五）【在旅客运输途中擅自变更运输车辆的】；
　　（六）未报告原许可机关，擅自终止道路客运经营的；
　　（七）客运包车未持有效的包车客运标志牌进行经营的，不按照包车客运标志牌载明的事项运行的，线路两端均不在车籍所在地的，招揽包车合同以外的旅客乘车的；
　　（八）开展定制客运未按照规定备案的；
　　（九）未按照规定在发车前对旅客进行安全事项告知的。
　　违反前款第（一）至（六）项规定，情节严重的，由原许可机关吊销相应许可。","违法事实: 2020年10月，区交通运输局执法人员接到核查举报投诉，反映其在汽车北站乘坐当日发车前往河南南阳的班车，车辆离开车站30分钟左右，让车上的乘客下车乘坐其他的车辆。一辆普通客车有违法嫌疑，涉嫌违反《中华人民共和国道路运输条例》第二十条、《道路旅客运输及客运站管理规定》第三十九条，其行为涉嫌客运经营者在旅客运输途中擅自变更运输车辆。
处罚依据: 《中华人民共和国道路运输条例》第六十九条第（三）项、《道路旅客运输及客运站管理规定》第一百条第一款第（五）项、第二款之规定。
处罚决定：责令你单位立即改正，并罚款人民币1300元整。",客运经营者在旅客运输途中擅自变更运输车辆。,责令改正|罚款|吊销许可证,处1000元以上3000元以下的罚款,暂无,,
客运车辆,资质问题,包车合同已过期但仍在营运或不按规定使用道路运输业专用票证,《道路旅客运输及客运站管理规定》第九十八条,违反本规定，【客运经营者或者其委托的售票单位、客运站经营者不按规定使用道路运输业专用票证】或者转让、倒卖、伪造道路运输业专用票证的，由县级以上道路运输管理机构责令改正，处1000元以上3000元以下的罚款。,"违法事实：你单位在2018年，某市道路运输管理局执法人员在水厂附近巡查时，发现一辆普通客车有违法嫌疑，于是指挥该车驾驶员靠边停车接受检查。经检查相关证件，并对该车驾驶员陈某制作现场笔录后发现：该车驾驶员陈某驾驶的普通客车，该车包车合同已过期仍在营运，甲公司违反《道路旅客运输及客运站管理规定》第四十一条，客运经营者（含国际道路客运经营者）不按规定使用道路运输业专用票证。
处罚依据：《道路旅客运输及客运站管理规定》第八十四条之规定。
处罚决定：处以罚款人民币1000元整。",客运经营者或者其委托的售票单位、客运站经营者不按规定使用道路运输业专用票证。,责令改正|罚款,处1000元以上3000元以下的罚款,暂无,,
客运车辆,资质问题,未持有效的包车客运标志牌经营,《道路旅客运输及客运站管理规定》第一百条第（七）项,"违反本规定，客运经营者有下列情形之一的，由县级以上道路运输管理机构责令改正，处1000元以上3000元以下的罚款：
　　（一）客运班车不按照批准的配客站点停靠或者不按照规定的线路、日发班次下限行驶的；
　　（二）加班车、顶班车、接驳车无正当理由不按照规定的线路、站点运行的；
　　（三）以欺骗、暴力等手段招揽旅客的；
　　（四）擅自将旅客移交他人运输的；
　　（五）在旅客运输途中擅自变更运输车辆的；
　　（六）未报告原许可机关，擅自终止道路客运经营的；
　　（七）【客运包车未持有效的包车客运标志牌进行经营的】，不按照包车客运标志牌载明的事项运行的，线路两端均不在车籍所在地的，招揽包车合同以外的旅客乘车的；
　　（八）开展定制客运未按照规定备案的；
　　（九）未按照规定在发车前对旅客进行安全事项告知的。
　　违反前款第（一）至（六）项规定，情节严重的，由原许可机关吊销相应许可。","违法事实：你单位在2018年某市道路运输管理局执法人员在街道巡查时，发现一辆普通客车有违法嫌疑，于是指挥该车驾驶员靠边停车接受检查。经检查相关证件，并对该车驾驶员朱某制作现场笔录后发现：该车驾驶员朱某驾驶的普通客车违反《道路旅客运输及客运站管理规定》第五十六条第一款，客运包车未持有效的包车客运标志牌进行经营。
处罚依据：《道路旅客运输及客运站管理规定》第八十六条第（三）项之规定。
处罚决定：对你单位处处以罚款人民币1000元整、责令改正。|违法事实：你单位在2018年，监管处置系统发现一辆普通客车存在省外有轨迹，但无申报线路情况。该车因违反《道路旅客运输及客运站管理规定》第五十六条第一款被我执法人员查获。
处罚依据：《道路旅客运输及客运站管理规定》第八十六条第（三）项之规定。
处罚决定：对你单位处处以罚款人民币1000元整，责令改正。",客运包车未持有效的包车客运标志牌进行经营。,责令改正|罚款,处1000元以上3000元以下的罚款,【非法经营罪】,《中华人民共和国刑法》第二百二十五条,"违反国家规定，有下列非法经营行为之一，扰乱市场秩序，情节严重的，处五年以下有期徒刑或者拘役，并处或者单处违法所得一倍以上五倍以下罚金；情节特别严重的，处五年以上有期徒刑，并处违法所得一倍以上五倍以下罚金或者没收财产：
　　（一）未经许可经营法律、行政法规规定的专营、专卖物品或者其他限制买卖的物品的；
　　（二）买卖进出口许可证、进出口原产地证明以及其他法律、行政法规规定的经营许可证或者批准文件的；
　　（三）未经国家有关主管部门批准非法经营证券、期货、保险业务的，或者非法从事资金支付结算业务的；
　　（四）【其他严重扰乱市场秩序的非法经营行为】。"
客运车辆,营运问题,超载运行,《道路旅客运输及客运站管理规定》第一百条第（七）项,"违反本规定，客运经营者有下列情形之一的，由县级以上道路运输管理机构责令改正，处1000元以上3000元以下的罚款：
　　（一）客运班车不按照批准的配客站点停靠或者不按照规定的线路、日发班次下限行驶的；
　　（二）加班车、顶班车、接驳车无正当理由不按照规定的线路、站点运行的；
　　（三）以欺骗、暴力等手段招揽旅客的；
　　（四）擅自将旅客移交他人运输的；
　　（五）在旅客运输途中擅自变更运输车辆的；
　　（六）未报告原许可机关，擅自终止道路客运经营的；
　　（七）客运包车未持有效的包车客运标志牌进行经营的，【不按照包车客运标志牌载明的事项运行的】，线路两端均不在车籍所在地的，招揽包车合同以外的旅客乘车的；
　　（八）开展定制客运未按照规定备案的；
　　（九）未按照规定在发车前对旅客进行安全事项告知的。
　　违反前款第（一）至（六）项规定，情节严重的，由原许可机关吊销相应许可。","违法事实: 你单位在2022年某服务区有一辆大客车由阮某驾驶，车上实载乘客37人，通过“互联网道路运输便民政务服务系统”核查，省际包车牌信息显示本运次人数30人，车辆所属公司为甲公司，因涉嫌违反《道路旅客运输及客运站管理规定》第五十七条第一款，客运包车不按照包车客运标志牌载明的事项运行被我执法人员查获。
处罚依据:《道路旅客运输及客运站管理规定》第一百条第一款第（七）项之规定。
处罚决定：对你单位处责令改正并罚款人民币1000元整。
|违法事实: 你单位在2022年某市交通运输局执法人员对一辆普通客车进行检查时后发现：该车驾驶员李某驾驶的普通客车带了30名学生往返某地体检，而该车的电子包车牌和包车客运合同显示该车实际经营与包车牌载明事项不符。涉嫌违反《道路旅客运输及客运站管理规定》第五十七条第一款，其行为涉嫌客运包车不按照包车客运标志牌载明的事项运行。
处罚依据:《道路旅客运输及客运站管理规定》第一百条第一款第（七）项之规定。
处罚决定：对你单位责令改正并罚款人民币1000元整。",客运经营者不按照包车客运标志牌载明的事项运行。,责令改正|罚款,处1000元以上3000元以下的罚款,暂无,,
客运车辆,营运问题,在未申报路线行驶或未按标志牌载明的路线运营,《道路旅客运输及客运站管理规定》第一百条第（七）项,"违反本规定，客运经营者有下列情形之一的，由县级以上道路运输管理机构责令改正，处1000元以上3000元以下的罚款：
　　（一）客运班车不按照批准的配客站点停靠或者不按照规定的线路、日发班次下限行驶的；
　　（二）加班车、顶班车、接驳车无正当理由不按照规定的线路、站点运行的；
　　（三）以欺骗、暴力等手段招揽旅客的；
　　（四）擅自将旅客移交他人运输的；
　　（五）在旅客运输途中擅自变更运输车辆的；
　　（六）未报告原许可机关，擅自终止道路客运经营的；
　　（七）客运包车未持有效的包车客运标志牌进行经营的，不按照包车客运标志牌载明的事项运行的，【线路两端均不在车籍所在地的】，招揽包车合同以外的旅客乘车的；
　　（八）开展定制客运未按照规定备案的；
　　（九）未按照规定在发车前对旅客进行安全事项告知的。
　　违反前款第（一）至（六）项规定，情节严重的，由原许可机关吊销相应许可。","违法事实：你单位在2018年某市道路运输管理局执法人员在巡查时，发现一辆普通客车有违法嫌疑，于是指挥该车驾驶员靠边停车接受检查。经检查相关证件，并对该车驾驶员靳某制作现场笔录后发现：该车驾驶员靳某驾驶的普通客车违反《道路旅客运输及客运站管理规定》第五十六条第二款，客运包车线路两端均不在车籍所在地。
处罚依据：《道路旅客运输及客运站管理规定》第八十六条第（三）项之规定。 
处罚决定：对你单位处以罚款人民币1000元整。
|违法事实：你单位在2018年驾驶员赵某驾驶的普通客车在火车站旅游集散中心接受检查，经查，车上乘客为过来当地周边旅游的，共35名乘客，其还要去其他地方游玩。经检查相关证件，并对该车驾驶员赵某制作现场笔录后发现：该车驾驶员赵某驾驶的普通客车违反《道路旅客运输及客运站管理规定》第五十六条第二款，客运包车线路两端均不在车籍所在地。
处罚依据：《道路旅客运输及客运站管理规定》第八十六条第（三）项之规定。
处罚决定：对你单位处以罚款人民币1000元整。",客运包车线路两端均不在车籍所在地，存在超范围经营/异地经营等违法行为。,责令改正|罚款,处1000元以上3000元以下的罚款,暂无,,
客运车辆,营运问题,招揽包车合同以外的旅客乘车,《浙江省道路运输条例》第七十五条第（一）项|《道路旅客运输及客运站管理规定》第一百条第（七）项,"违反本条例规定，有下列情形之一的，由县级以上道路运输管理机构责令改正，处三百元以上三千元以下罚款，可以并处暂扣三十日以下车辆营运证、从业资格证；情节严重的，由原许可机关吊销车辆营运证、从业资格证、经营许可证或者取消相应客运班线营运权：
　　（一）【包车客运经营者招揽包车合同以外的旅客乘车的】；
　　（二）班车客运经营者途中甩客、站外揽客的；
　　（三）公共汽车客运经营者有违反本条例第十四条规定行为的；
　　（四）出租汽车客运经营者有违反本条例第二十一条规定行为的；
　　（五）客运出租汽车驾驶人员有违反本条例第二十三条规定行为的；
　　（六）包车客运车辆、三类以上客运班线车辆、客运出租汽车和危险货物运输车辆的经营者和驾驶人员，未按规定安装和使用具有行驶记录功能的卫星定位终端设备的；
　　（七）机动车驾驶员培训教练员有违反本条例第五十三条规定行为的；
　　（八）道路运输和道路运输相关业务经营者未按规定实施安全生产管理制度，或者未按规定期限报告道路运输安全情况或者隐瞒、拖延不报、谎报道路运输安全事故的。
|违反本规定，客运经营者有下列情形之一的，由县级以上道路运输管理机构责令改正，处1000元以上3000元以下的罚款：
　　（一）客运班车不按照批准的配客站点停靠或者不按照规定的线路、日发班次下限行驶的；
　　（二）加班车、顶班车、接驳车无正当理由不按照规定的线路、站点运行的；
　　（三）以欺骗、暴力等手段招揽旅客的；
　　（四）擅自将旅客移交他人运输的；
　　（五）在旅客运输途中擅自变更运输车辆的；
　　（六）未报告原许可机关，擅自终止道路客运经营的；
　　（七）客运包车未持有效的包车客运标志牌进行经营的，不按照包车客运标志牌载明的事项运行的，线路两端均不在车籍所在地的，【招揽包车合同以外的旅客乘车的】；
　　（八）开展定制客运未按照规定备案的；
　　（九）未按照规定在发车前对旅客进行安全事项告知的。
　　违反前款第（一）至（六）项规定，情节严重的，由原许可机关吊销相应许可。","违法事实：你单位在2019年，在某市道路运输管理局执法人员在巡查时，发现一辆普通客车有违法嫌疑，于是指挥该车驾驶员靠边停车接受检查。经检查相关证件，并对该车驾驶员金某制作现场笔录后发现：该车驾驶员金某驾驶的普通客车违反《浙江省道路运输条例》第九条，包车客运经营者招揽包车合同以外的旅客乘车。以上事实有书证和视听资料等予以证明。
处罚依据：《浙江省道路运输条例》第七十五条第（一）项之规定。
处罚决定：对你单位处以罚款人民币1500元整，责令改正。
|违法事实，你单位在2018年，在某市道路运输管理局执法人员在巡查时，发现一辆普通客车有违法嫌疑，于是指挥该车驾驶员靠边停车接受检查。经查该车为省际包车，在该路段违章上客6人，计划前往其他地区。调查核实后发现：该车驾驶员石某驾驶的普通客车违反《浙江省道路运输条例》第九条，包车客运经营者招揽包车合同以外的旅客乘车。
处罚依据：《浙江省道路运输条例》第七十五条第（一）项之规定。
处罚决定：对你单位处以罚款人民币500元整，责令改正。",客运经营者招揽包车合同以外的旅客上车。,责令改正|罚款|暂扣证件|吊销执照,处三百元以上三千元以下罚款|处1000元以上3000元以下的罚款,暂无,,
客运车辆,资质问题,使用无效道路客运许可证经营,《道路旅客运输及客运站管理规定》第九十三条第（三）项,"违反本规定，有下列行为之一的，由县级以上道路运输管理机构责令停止经营；有违法所得的，没收违法所得，处违法所得2倍以上10倍以下的罚款；没有违法所得或者违法所得不足2万元的，处3万元以上12万元以下的罚款；构成犯罪的，依法追究刑事责任：
（一）未取得道路客运经营许可，擅自从事道路客运经营的；
（二）未取得道路客运班线经营许可，擅自从事班车客运经营的；
（三）【使用失效、伪造、变造、被注销等无效的道路客运许可证件从事道路客运经营的】；
（四）超越许可事项，从事道路客运经营的。",暂无,使用失效、伪造、变造、被注销等无效的道路客运许可证件从事道路客运经营。,责令停止经营|没收违法所得|罚款|追究刑事责任,有违法所得的，没收违法所得，处违法所得2倍以上10倍以下的罚款；没有违法所得或者违法所得不足2万元的，处3万元以上12万元以下的罚款,【非法经营罪】,《中华人民共和国刑法》第二百二十五条,"违反国家规定，有下列非法经营行为之一，扰乱市场秩序，情节严重的，处五年以下有期徒刑或者拘役，并处或者单处违法所得一倍以上五倍以下罚金；情节特别严重的，处五年以上有期徒刑，并处违法所得一倍以上五倍以下罚金或者没收财产：
　　（一）未经许可经营法律、行政法规规定的专营、专卖物品或者其他限制买卖的物品的；
　　（二）买卖进出口许可证、进出口原产地证明以及其他法律、行政法规规定的经营许可证或者批准文件的；
　　（三）未经国家有关主管部门批准非法经营证券、期货、保险业务的，或者非法从事资金支付结算业务的；
　　（四）【其他严重扰乱市场秩序的非法经营行为】。"
客运车辆,资质问题,超越许可经营,《道路旅客运输及客运站管理规定》第九十三条第（四）项,"违反本规定，有下列行为之一的，由县级以上道路运输管理机构责令停止经营；有违法所得的，没收违法所得，处违法所得2倍以上10倍以下的罚款；没有违法所得或者违法所得不足2万元的，处3万元以上13万元以下的罚款；构成犯罪的，依法追究刑事责任：
（一）未取得道路客运经营许可，擅自从事道路客运经营的；
（二）未取得道路客运班线经营许可，擅自从事班车客运经营的；
（三）使用失效、伪造、变造、被注销等无效的道路客运许可证件从事道路客运经营的；
（四）【超越许可事项，从事道路客运经营的】。",暂无,超越许可事项，从事道路客运经营。,责令停止经营|没收违法所得|罚款|追究刑事责任,有违法所得的，没收违法所得，处违法所得2倍以上10倍以下的罚款；没有违法所得或者违法所得不足2万元的，处3万元以上12万元以下的罚款,【非法经营罪】,《中华人民共和国刑法》第二百二十五条,"违反国家规定，有下列非法经营行为之一，扰乱市场秩序，情节严重的，处五年以下有期徒刑或者拘役，并处或者单处违法所得一倍以上五倍以下罚金；情节特别严重的，处五年以上有期徒刑，并处违法所得一倍以上五倍以下罚金或者没收财产：
　　（一）未经许可经营法律、行政法规规定的专营、专卖物品或者其他限制买卖的物品的；
　　（二）买卖进出口许可证、进出口原产地证明以及其他法律、行政法规规定的经营许可证或者批准文件的；
　　（三）未经国家有关主管部门批准非法经营证券、期货、保险业务的，或者非法从事资金支付结算业务的；
　　（四）【其他严重扰乱市场秩序的非法经营行为】。"
客运车辆,资质问题,使用无证车辆经营,《道路旅客运输及客运站管理规定》第九十七条第一款,"违反本规定，【客运经营者使用未持合法有效《道路运输证》的车辆参加客运经营的】，或者聘用不具备从业资格的驾驶员参加客运经营的，由县级以上道路运输管理机构责令改正，处3000元以上1万元以下的罚款。
　　违反本规定，客运经营者不按照规定随车携带《道路运输证》的，由县级以上道路运输管理机构责令改正，处警告或者20元以上200元以下的罚款。","违法事实: 2022年1月，市交通运输局执法人员通过非现场发现一辆大客车有不合规行为。获知信息后立即通知附近执法人员前往。执法人员发现该大客车正在上客。经调查发现车内实际载客9人，是某厂员工（厂班车业务）。该大客车为甲公司所有，现场驾驶员为甲公司员工高某，车辆行驶证使用性质为旅游客运，但是驾驶员现场无法提供大客车的道路运输证或其他相关证明。经系统调查，未发现大客车申请道路运输证的记录。
处罚依据: 《道路旅客运输及客运站管理规定》第九十七条第一款之规定。
处罚决定：责令改正并罚款人民币3000元整。
|违法事实: 2022年1月，项某驾驶乙公司的一辆大型普通客车在某公交站接乘客29人。该大型普通客车未取得道路运输证。乙公司已取得道路运输经营许可证。
处罚依据: 《道路旅客运输及客运站管理规定》第九十七条第一款之规定。
处罚决定：责令改正并罚款人民币3500元整。",客运经营者使用未持合法有效《道路运输证》的车辆参加客运经营。,责令改正|罚款,处3000元以上1万元以下的罚款,暂无,,
客运车辆,资质问题,使用无证驾驶员经营,《道路旅客运输及客运站管理规定》第九十七条第一款,"违反本规定，客运经营者使用未持合法有效《道路运输证》的车辆参加客运经营的，或者【聘用不具备从业资格的驾驶员参加客运经营的】，由县级以上道路运输管理机构责令改正，处3000元以上1万元以下的罚款。
　　违反本规定，客运经营者不按照规定随车携带《道路运输证》的，由县级以上道路运输管理机构责令改正，处警告或者20元以上200元以下的罚款。",暂无,客运经营者聘用不具备从业资格的驾驶员参加客运经营。,责令改正|罚款,处3000元以上1万元以下的罚款,暂无,,
客运车辆,资质问题,未随车携带《道路运输证》,《道路旅客运输及客运站管理规定》第九十七条第二款,"违反本规定，客运经营者使用未持合法有效《道路运输证》的车辆参加客运经营的，或者聘用不具备从业资格的驾驶员参加客运经营的，由县级以上道路运输管理机构责令改正，处3000元以上1万元以下的罚款。
　　违反本规定，【客运经营者不按照规定随车携带《道路运输证》的】，由县级以上道路运输管理机构责令改正，处警告或者20元以上200元以下的罚款。",暂无,客运经营者不按照规定随车携带《道路运输证》。,责令改正|警告|罚款,处警告或者20元以上200元以下的罚款,暂无,,
客运车辆,营运问题,未对旅客进行安全事项告知,《道路旅客运输及客运站管理规定》第一百条第（九）项,"违反本规定，客运经营者有下列情形之一的，由县级以上道路运输管理机构责令改正，处1000元以上3000元以下的罚款：
　　（一）客运班车不按照批准的配客站点停靠或者不按照规定的线路、日发班次下限行驶的；
　　（二）加班车、顶班车、接驳车无正当理由不按照规定的线路、站点运行的；
　　（三）以欺骗、暴力等手段招揽旅客的；
　　（四）擅自将旅客移交他人运输的；
　　（五）在旅客运输途中擅自变更运输车辆的；
　　（六）未报告原许可机关，擅自终止道路客运经营的
　　（七）客运包车未持有效的包车客运标志牌进行经营的，不按照包车客运标志牌载明的事项运行的，线路两端均不在车籍所在地的，招揽包车合同以外的旅客乘车的；
　　（八）开展定制客运未按照规定备案的；
　　（九）【未按照规定在发车前对旅客进行安全事项告知的】。
　　违反前款第（一）至（六）项规定，情节严重的，由原许可机关吊销相应许可。",暂无,未在发车前对旅客进行安全事项告知。,责令改正|罚款,处1000元以上3000元以下的罚款,暂无,,
客运车辆,营运问题,存在重大运输安全隐患,《道路旅客运输及客运站管理规定》第一百零一条,违反本规定，【客运经营者、客运站经营者存在重大运输安全隐患等情形，导致不具备安全生产条件】，经停产停业整顿仍不具备安全生产条件的，由县级以上道路运输管理机构依法吊销相应许可。,暂无,客运经营者存在重大运输安全隐患等情形，导致不具备安全生产条件。,停业整顿|吊销许可证,暂无,暂无,,
出租车,资质问题,无证经营,《浙江省道路运输条例》第七十一条第（一）项|《巡游出租汽车经营服务管理规定》第四十五条,"违反本条例规定，有下列行为之一的，由县级以上道路运输管理机构责令停止经营，没收违法所得，并处一万元以上五万元以下罚款：
　　（一）【未取得经营许可证】、车辆营运证或者使用伪造、涂改、转让、租借、失效的经营许可证、车辆营运证从事公共汽车或者出租汽车客运经营的；
　　（二）转让或者变相转让客运班线营运权的；
　　（三）未取得经营许可证或者使用伪造、涂改、转让、租借、失效的经营许可证从事营运车辆维修质量检验经营的。|违反本规定，【未取得巡游出租汽车经营许可，擅自从事巡游出租汽车经营活动的】，由县级以上地方人民政府出租汽车行政主管部门责令改正，并处以5000元以上2万元以下罚款。构成犯罪的，依法追究刑事责任。","违法事实：你单位在2019年某市道路运输管理局执法人员在巡查时，发现一辆轿车有违法嫌疑，于是指挥该车驾驶员靠边停车接受检查。经检查相关证件，并对该车驾驶员胡某制作现场笔录后发现：该车驾驶员胡某驾驶轿车违反《浙江省道路运输条例》第二十条，未取得经营许可证从事出租汽车客运经营。
处罚依据：《浙江省道路运输条例》第七十一条第（一）项之规定。
处罚决定：对你单位处以罚款人民币10000元整，责令停止经营。
|违法事实：你单位姜某2018年驾驶轿车，在某市火车站搭载两名乘客，商议车费40元。途中因为司机的导航错误耽搁了时间导致没赶上车，所以又要求司机送回。因车费问题起纠纷后，乘客现场报警并通过12328举报。执法人员到达现场后，检查相关证件，并对该车驾驶员姜某制作现场笔录，对乘客制作询问笔录。经负责人立案审批后，调查人员对当事人姜某进行了询问，制作了询问笔录，姜某承认自己未取得经营许可证从事出租汽车客运经营的整个事实。
处罚依据：《浙江省道路运输条例》第七十一条第（一）项之规定。
处罚决定：对你单位处以罚款人民币10000元整。",未取得巡游出租汽车经营许可，擅自从事巡游出租汽车经营活动。,责令改正|责令停止经营|没收违法所得|罚款|追究刑事责任,并处一万元以上五万元以下罚款|并处以5000元以上2万元以下罚款,【非法经营罪】,《中华人民共和国刑法》第二百二十五条,"违反国家规定，有下列非法经营行为之一，扰乱市场秩序，情节严重的，处五年以下有期徒刑或者拘役，并处或者单处违法所得一倍以上五倍以下罚金；情节特别严重的，处五年以上有期徒刑，并处违法所得一倍以上五倍以下罚金或者没收财产：
　　（一）未经许可经营法律、行政法规规定的专营、专卖物品或者其他限制买卖的物品的；
　　（二）买卖进出口许可证、进出口原产地证明以及其他法律、行政法规规定的经营许可证或者批准文件的；
　　（三）未经国家有关主管部门批准非法经营证券、期货、保险业务的，或者非法从事资金支付结算业务的；
　　（四）【其他严重扰乱市场秩序的非法经营行为】。"
出租车,收费问题,议价不打表/要求乘客多付车费等,《巡游出租汽车经营服务管理规定》第四十八条第（一）项,"巡游出租汽车驾驶员违反本规定，有下列情形之一的，由县级以上地方人民政府出租汽车行政主管部门责令改正，并处以200元以上500元以下罚款：
（一）拒载、【议价】、途中甩客或者故意绕道行驶的；
（二）未经乘客同意搭载其他乘客的；
（三）不按照规定使用计程计价设备、违规收费的；
（四）不按照规定出具相应车费票据的；
（五）不按照规定使用巡游出租汽车相关设备的；
（六）接受巡游出租汽车电召任务后未履行约定的；
（七）不按照规定使用文明用语，车容车貌不符合要求的；
（八）在机场、火车站、汽车客运站、港口、公共交通枢纽等客流集散地不服从调度私自揽客的；
（九）转让、倒卖、伪造巡游出租汽车相关票据的。","违法事实：你单位在驾驶员2019年驾驶出租车搭载一名乘客去某收费站后，要求乘客多付车费，被乘客投诉，经调查：该车驾驶员随某驾驶轿车违反《巡游出租汽车经营服务管理规定》第二十三条第（八）项，巡游出租汽车驾驶员议价。
处罚依据：《巡游出租汽车经营服务管理规定》第四十七条第（一）项之规定。
处罚决定：处以罚款人民币200元整，责令改正。
|违法事实：2019年，某市道路运输管理局执法人员接到乘客投诉，发现一辆轿车有违法嫌疑，经调查：该车驾驶员楼某驾驶轿车违反《巡游出租汽车经营服务管理规定》第二十三条第（八）项，巡游出租汽车驾驶员议价。
处罚依据：《巡游出租汽车经营服务管理规定》第四十七条第（一）项之规定。
处罚决定：处以罚款人民币200元整，责令改正。",巡游出租车驾驶员未按照乘客指定的目的地选择合理路线行驶，存在拒载、议价、途中甩客、故意绕道行驶等行为。,责令改正|罚款,并处以5000元以上1万元以下罚款,暂无,,
出租车,营运问题,绕道行驶,《杭州市客运出租汽车管理条例》第五十一条第一款第(五)项|《巡游出租汽车经营服务管理规定》第四十八条第（一）项,"违反本条例规定，客运出租汽车驾驶员有下列情形之一的，由道路运输管理机构责令改正，处三百元以上三千元以下罚款；情节严重的，吊销其客运出租汽车驾驶员从业资格证：
（一）超出经营区域或者未按照规定的经营类型从事服务的；
（二）无正当理由拒绝载客的；
（三）无正当理由不按照承诺提供预约服务的；
（四）无正当理由中断载客服务的；
（五）【无正当理由绕道行驶的】；
（六）未经乘客同意强行搭载其他人员的；
（七）从事巡游出租车服务时未按照规定出示服务监督卡的；
（八）对投诉、举报人或者作出不满意评价的乘客实施报复行为的；
（九）发现乘客遗失物品拒不归还的；
（十）在机场、车站、码头、景区等公共场所的专用通道或者泊位候客时，不服从管理的。
客运出租汽车驾驶员有下列情形之一的，由道路运输管理机构吊销其客运出租汽车驾驶员从业资格证：
（一）侮辱或者殴打乘客、管理人员受到拘留处罚的；
（二）在一个考核年度内被道路运输管理机构处三百元以上罚款累记达三次以上的。
|巡游出租汽车驾驶员违反本规定，有下列情形之一的，由县级以上地方人民政府出租汽车行政主管部门责令改正，并处以200元以上500元以下罚款：
　　（一）拒载、议价、途中甩客或者【故意绕道行驶的】；
　　（二）未经乘客同意搭载其他乘客的；
　　（三）不按照规定使用计程计价设备、违规收费的；
　　（四）不按照规定出具相应车费票据的；
　　（五）不按照规定使用巡游出租汽车相关设备的；
　　（六）接受巡游出租汽车电召任务后未履行约定的；
　　（七）不按照规定使用文明用语，车容车貌不符合要求的；
　　（八）在机场、火车站、汽车客运站、港口、公共交通枢纽等客流集散地不服从调度私自揽客的；
　　（九）转让、倒卖、伪造巡游出租汽车相关票据的。","违法事实：你单位驾驶员张某在2019年驾驶出租车在机场出租车排队处上客，乘客要去火车站，司机到达目的地后收取车费132元，小票显示36.2公里，等候时间为7分31秒，外加上20元过路费，实付152元，后被乘客投诉至12328，经过核实，最近路线大约28公里，故该车驾驶员张某驾驶出租车违反《杭州市客运出租汽车管理条例》第三十一条第(四)项,第三十七条第(二)项，客运出租汽车驾驶员无正当理由绕道行驶的。
处罚依据：《杭州市客运出租汽车管理条例》第五十一条第一款第(五)项之规定。
处罚决定：对你单位处以罚款人民币300元整，责令改正。
|违法事实：你单位驾驶员王某在2019年驾驶轿车从火车站载客一名去酒店，乘客未指定行驶路线，司机行驶路线里程为22公里，经查，该路程正常在16公里左右，后乘客投诉至12328。经检查相关证件，并对该车驾驶员王某制作现场笔录后发现：该车驾驶员王某驾驶轿车违反《杭州市客运出租汽车管理条例》第三十一条第(四)项,第三十七条第(二)项，客运出租汽车驾驶员无正当理由绕道行驶的。
处罚依据：《杭州市客运出租汽车管理条例》第五十一条第一款第(五)项之规定。
处罚决定：对你单位处以罚款人民币300元整，责令改正。",巡游出租车驾驶员未按照乘客指定的目的地选择合理路线行驶，存在拒载、议价、途中甩客、故意绕道行驶等行为。,责令改正|罚款|吊销资格证,处三百元以上三千元以下罚款|并处以200元以上500元以下罚款,暂无,,
出租车,营运问题,让乘客中途下车,《杭州市客运出租汽车管理条例》第五十一条第一款第(四)项|《巡游出租汽车经营服务管理规定》第四十八条第（一）项,"违反本条例规定，客运出租汽车驾驶员有下列情形之一的，由道路运输管理机构责令改正，处三百元以上三千元以下罚款；情节严重的，吊销其客运出租汽车驾驶员从业资格证：
（一）超出经营区域或者未按照规定的经营类型从事服务的；
（二）无正当理由拒绝载客的；
（三）无正当理由不按照承诺提供预约服务的；
（四）【无正当理由中断载客服务的】；
（五）无正当理由绕道行驶的；
（六）未经乘客同意强行搭载其他人员的；
（七）从事巡游出租车服务时未按照规定出示服务监督卡的；
（八）对投诉、举报人或者作出不满意评价的乘客实施报复行为的；
（九）发现乘客遗失物品拒不归还的；
（十）在机场、车站、码头、景区等公共场所的专用通道或者泊位候客时，不服从管理的。
客运出租汽车驾驶员有下列情形之一的，由道路运输管理机构吊销其客运出租汽车驾驶员从业资格证：
（一）侮辱或者殴打乘客、管理人员受到拘留处罚的；
（二）在一个考核年度内被道路运输管理机构处三百元以上罚款累记达三次以上的。
|巡游出租汽车驾驶员违反本规定，有下列情形之一的，由县级以上地方人民政府出租汽车行政主管部门责令改正，并处以200元以上500元以下罚款：
　　（一）拒载、议价、【途中甩客】或者故意绕道行驶的；
　　（二）未经乘客同意搭载其他乘客的；
　　（三）不按照规定使用计程计价设备、违规收费的；
　　（四）不按照规定出具相应车费票据的；
　　（五）不按照规定使用巡游出租汽车相关设备的；
　　（六）接受巡游出租汽车电召任务后未履行约定的；
　　（七）不按照规定使用文明用语，车容车貌不符合要求的；
　　（八）在机场、火车站、汽车客运站、港口、公共交通枢纽等客流集散地不服从调度私自揽客的；
　　（九）转让、倒卖、伪造巡游出租汽车相关票据的。","违法事实：你单位驾驶员江某在2019年驾驶出租车行驶至公交车站附近，接上一拨乘客，后行驶途中驾驶员以不认识路为由让乘客下车。后被乘客投诉至12328。12328转我处调处。经我处调查后发现：该车驾驶员江某驾驶违反《杭州市客运出租汽车管理条例》第二十五条第(五)项，客运出租汽车驾驶员无正当理由中断载客服务的。
处罚依据：《杭州市客运出租汽车管理条例》第五十一条第一款第(四)项之规定。
处罚决定：对你单位 处以罚款人民币300元整，责令改正。
|违法事实：你单位王某2019年驾驶甲公司所属出租车，搭载一名乘客，途中驾驶员王某让乘客下车，被乘客通过12328投诉。经负责人立案审批后，调查人员对当事人王某进行了询问，制作了询问笔录，王某承认自己客运出租汽车驾驶员无正当理由中断载客服务的整个事实。
处罚依据：《杭州市客运出租汽车管理条例》第五十一条第一款第(四)项之规定。
处罚决定：对你单位处以罚款人民币300元整，责令改正。",巡游出租汽车驾驶员存在拒载、议价、途中甩客或者故意绕道行驶等行为。,责令改正|罚款|吊销资格证,处三百元以上三千元以下罚款|并处以200元以上500元以下罚款,暂无,,
出租车,营运问题,拒载乘客,《浙江省道路运输条例》第七十五条第（五）项|《巡游出租汽车经营服务管理规定》第四十八条第（一）项,"违反本条例规定，有下列情形之一的，由县级以上道路运输管理机构责令改正，处三百元以上三千元以下罚款，可以并处暂扣三十日以下车辆营运证、从业资格证；情节严重的，由原许可机关吊销车辆营运证、从业资格证、经营许可证或者取消相应客运班线营运权：
　　（一）包车客运经营者招揽包车合同以外的旅客乘车的；
　　（二）班车客运经营者途中甩客、站外揽客的；
　　（三）公共汽车客运经营者有违反本条例第十四条规定行为的；
　　（四）出租汽车客运经营者有违反本条例第二十一条规定行为的；
　　（五）【客运出租汽车驾驶人员有违反本条例第二十三条规定行为的】；
　　（六）包车客运车辆、三类以上客运班线车辆、客运出租汽车和危险货物运输车辆的经营者和驾驶人员，未按规定安装和使用具有行驶记录功能的卫星定位终端设备的；
　　（七）机动车驾驶员培训教练员有违反本条例第五十三条规定行为的；
　　（八）道路运输和道路运输相关业务经营者未按规定实施安全生产管理制度，或者未按规定期限报告道路运输安全情况或者隐瞒、拖延不报、谎报道路运输安全事故的。
|巡游出租汽车驾驶员违反本规定，有下列情形之一的，由县级以上地方人民政府出租汽车行政主管部门责令改正，并处以200元以上500元以下罚款：
　　（一）【拒载】、议价、途中甩客或者故意绕道行驶的；
　　（二）未经乘客同意搭载其他乘客的；
　　（三）不按照规定使用计程计价设备、违规收费的；
　　（四）不按照规定出具相应车费票据的；
　　（五）不按照规定使用巡游出租汽车相关设备的；
　　（六）接受巡游出租汽车电召任务后未履行约定的；
　　（七）不按照规定使用文明用语，车容车貌不符合要求的；
　　（八）在机场、火车站、汽车客运站、港口、公共交通枢纽等客流集散地不服从调度私自揽客的；
　　（九）转让、倒卖、伪造巡游出租汽车相关票据的。","违法事实：你单位在2018年某市道路运输管理局执法人员在巡查，发现你单位一辆出租汽车有违法嫌疑，于是指挥该车驾驶员靠边停车接受检查。经检查相关证件，并对该车驾驶员颜某制作现场笔录后发现：该车驾驶员颜某驾驶出租汽车在医院空车待租搭载一名乘客，驾驶员以要交班为由拒绝搭载，该车没有交接班制度，违反《浙江省道路运输条例》第二十三条第（五）项，客运出租汽车驾驶人员显示空车时拒绝载客。
处罚依据：《浙江省道路运输条例》第七十五条第（五）项 之规定。
处罚决定：对你单位处以罚款人民币300元整。
|违法事实：你单位在2018年某市道路运输管理局执法人员在巡查时，发现你单位一辆出租车有违法嫌疑，于是指挥该车驾驶员靠边停车接受检查。经检查相关证件，并对该车驾驶员曹某询问调查后发现：该车驾驶员曹某驾驶出租车违反《浙江省道路运输条例》第二十三条第（五）项，客运出租汽车驾驶人员显示空车时拒绝载客。
处罚依据：《浙江省道路运输条例》第七十五条第（五）项 之规定。
处罚决定：对你单位处以罚款人民币300元整。",巡游出租汽车驾驶员存在拒载、议价、途中甩客或者故意绕道行驶等行为。,责令改正|罚款|暂扣证件|吊销执照,处三百元以上三千元以下罚款|并处以200元以上500元以下罚款,暂无,,
出租车,营运问题,未经乘客同意拼载,《浙江省道路运输条例》第七十五条第（五）项|《杭州市客运出租汽车管理条例》第五十一条第一款第(六)项|《巡游出租汽车经营服务管理规定》第四十八条第（二）项,"违反本条例规定，有下列情形之一的，由县级以上道路运输管理机构责令改正，处三百元以上三千元以下罚款，可以并处暂扣三十日以下车辆营运证、从业资格证；情节严重的，由原许可机关吊销车辆营运证、从业资格证、经营许可证或者取消相应客运班线营运权：
　　（一）包车客运经营者招揽包车合同以外的旅客乘车的；
　　（二）班车客运经营者途中甩客、站外揽客的；
　　（三）公共汽车客运经营者有违反本条例第十四条规定行为的；
　　（四）出租汽车客运经营者有违反本条例第二十一条规定行为的；
　　（五）【客运出租汽车驾驶人员有违反本条例第二十三条规定行为的】；
　　（六）包车客运车辆、三类以上客运班线车辆、客运出租汽车和危险货物运输车辆的经营者和驾驶人员，未按规定安装和使用具有行驶记录功能的卫星定位终端设备的；
　　（七）机动车驾驶员培训教练员有违反本条例第五十三条规定行为的；
　　（八）道路运输和道路运输相关业务经营者未按规定实施安全生产管理制度，或者未按规定期限报告道路运输安全情况或者隐瞒、拖延不报、谎报道路运输安全事故的。
|违反本条例规定，客运出租汽车驾驶员有下列情形之一的，由道路运输管理机构责令改正，处三百元以上三千元以下罚款；情节严重的，吊销其客运出租汽车驾驶员从业资格证：
（一）超出经营区域或者未按照规定的经营类型从事服务的；
（二）无正当理由拒绝载客的；
（三）无正当理由不按照承诺提供预约服务的；
（四）无正当理由中断载客服务的；
（五）无正当理由绕道行驶的；
（六）【未经乘客同意强行搭载其他人员的】；
（七）从事巡游出租车服务时未按照规定出示服务监督卡的；
（八）对投诉、举报人或者作出不满意评价的乘客实施报复行为的；
（九）发现乘客遗失物品拒不归还的；
（十）在机场、车站、码头、景区等公共场所的专用通道或者泊位候客时，不服从管理的。
客运出租汽车驾驶员有下列情形之一的，由道路运输管理机构吊销其客运出租汽车驾驶员从业资格证：
（一）侮辱或者殴打乘客、管理人员受到拘留处罚的；
（二）在一个考核年度内被道路运输管理机构处三百元以上罚款累记达三次以上的。
|巡游出租汽车驾驶员违反本规定，有下列情形之一的，由县级以上地方人民政府出租汽车行政主管部门责令改正，并处以200元以上500元以下罚款：
　　（一）拒载、议价、途中甩客或者故意绕道行驶的；
　　（二）【未经乘客同意搭载其他乘客的】；
　　（三）不按照规定使用计程计价设备、违规收费的；
　　（四）不按照规定出具相应车费票据的；
　　（五）不按照规定使用巡游出租汽车相关设备的；
　　（六）接受巡游出租汽车电召任务后未履行约定的；
　　（七）不按照规定使用文明用语，车容车貌不符合要求的；
　　（八）在机场、火车站、汽车客运站、港口、公共交通枢纽等客流集散地不服从调度私自揽客的；
　　（九）转让、倒卖、伪造巡游出租汽车相关票据的。","违法事实：你单位在2018年某市道路运输管理局执法人员巡查时，发现你单位轿车有违法嫌疑，于是指挥该车驾驶员靠边停车接受检查。经检查相关证件，并对该乘客董某制作询问笔录后发现：该车驾驶员江某驾驶轿车在汽车站出租车上客处未经乘客允许强行拼载，其行为违反《浙江省道路运输条例》第二十三条第（五）项，客运出租汽车驾驶人员未经乘客同意拼载。
处罚依据：《浙江省道路运输条例》第七十五条第（五）项之规定。
处罚决定：对你单位处以罚款人民币300元整。
|违法事实：你单位2018年所聘驾驶员李某驾驶出租车，未经乘客同意搭载欲前往另一目的地的乘客，被乘客通过12328投诉。经负责人立案审批后，调查人员对当事人李某进行了询问，制作了询问笔录，李某承认自己客运出租汽车驾驶员未经乘客同意强行搭载其他人员的整个事实。
处罚依据：《杭州市客运出租汽车管理条例》第五十一条第一款第(六)项之规定。
处罚决定：对你单位处以罚款人民币300元整。",巡游出租汽车驾驶员未经乘客同意搭载其他乘客。,责令改正|罚款|暂扣证件|吊销执照,处三百元以上三千元以下罚款|并处以200元以上500元以下罚款,暂无,,
出租车,收费问题,不打表/提前打表或不按收费标准收费,《杭州市客运出租汽车管理条例》第三十条第一款第(六)项|《巡游出租汽车经营服务管理规定》第四十八条第（三）项,"驾驶员在从事巡游出租车服务过程中应当遵守下列规定：
（一）随车携带客运出租汽车运输证和客运出租汽车驾驶员从业资格证，在车内放置服务监督卡；
（二）按照规定使用智能终端、计程计价设备、顶灯和显示运营状态的标志；
（三）不得离开驾驶座位兜揽乘客；
（四）按照乘客指定的目的地选择合理路线，不得绕道行驶；
（五）按照规定及计程计价设备显示的金额收取车费，提供符合税务部门规定的发票；
（六）【在规定的经营区域内从事服务，超出经营区域时，起讫点一端应当在经营区域内（送客回程顺路搭载乘客除外）】；
（七）在机场、车站、码头、景区等公共场所的专用通道或者泊位候客时，按序排队走车，服从调度和管理。
|巡游出租汽车驾驶员违反本规定，有下列情形之一的，由县级以上地方人民政府出租汽车行政主管部门责令改正，并处以200元以上500元以下罚款：
　　（一）拒载、议价、途中甩客或者故意绕道行驶的；
　　（二）未经乘客同意搭载其他乘客的；
　　（三）【不按照规定使用计程计价设备、违规收费的】；
　　（四）不按照规定出具相应车费票据的；
　　（五）不按照规定使用巡游出租汽车相关设备的；
　　（六）接受巡游出租汽车电召任务后未履行约定的；
　　（七）不按照规定使用文明用语，车容车貌不符合要求的；
　　（八）在机场、火车站、汽车客运站、港口、公共交通枢纽等客流集散地不服从调度私自揽客的；
　　（九）转让、倒卖、伪造巡游出租汽车相关票据的。","违法事实：你单位驾驶员冯某驾驶出租车从医院带上一个女乘客前往某地，提前打表，前往接乘客，到达目的地打表76元，实际收费76元，因违反《杭州市客运出租汽车管理条例》第二十一条第(七)项， 被12328投诉。
处罚依据：《杭州市客运出租汽车管理条例》第三十条第一款第(六)项之规定。
处罚决定：对你单位 处以罚款人民币300元整。
|违法事实：你单位驾驶员周某2018年驾驶出租车，在机场出租车上客处接到一名乘客，到达目的地后实收了120元。经负责人审批，同意立案，对其进行询问，并制作了询问笔录，汪某承认其客运出租汽车驾驶员在营运中不按规定的收费标准收费的事实。
处罚依据：《杭州市客运出租汽车管理条例》第三十条第一款第(六)项 之规定。
处罚决定：对你单位处以罚款人民币300元整。",巡游出租汽车驾驶员不按照规定使用计程计价设备、违规收费。,责令改正|罚款,并处以200元以上500元以下罚款,暂无,,
出租车,收费问题,多收费/一口价/不找零等,《浙江省道路运输条例》第七十五条第（五）项|《巡游出租汽车经营服务管理规定》第四十八条第（三）项,"违反本条例规定，有下列情形之一的，由县级以上道路运输管理机构责令改正，处三百元以上三千元以下罚款，可以并处暂扣三十日以下车辆营运证、从业资格证；情节严重的，由原许可机关吊销车辆营运证、从业资格证、经营许可证或者取消相应客运班线营运权：
　　（一）包车客运经营者招揽包车合同以外的旅客乘车的；
　　（二）班车客运经营者途中甩客、站外揽客的；
　　（三）公共汽车客运经营者有违反本条例第十四条规定行为的；
　　（四）出租汽车客运经营者有违反本条例第二十一条规定行为的；
　　（五）【客运出租汽车驾驶人员有违反本条例第二十三条规定行为的】；
　　（六）包车客运车辆、三类以上客运班线车辆、客运出租汽车和危险货物运输车辆的经营者和驾驶人员，未按规定安装和使用具有行驶记录功能的卫星定位终端设备的；
　　（七）机动车驾驶员培训教练员有违反本条例第五十三条规定行为的；
　　（八）道路运输和道路运输相关业务经营者未按规定实施安全生产管理制度，或者未按规定期限报告道路运输安全情况或者隐瞒、拖延不报、谎报道路运输安全事故的。
|巡游出租汽车驾驶员违反本规定，有下列情形之一的，由县级以上地方人民政府出租汽车行政主管部门责令改正，并处以200元以上500元以下罚款：
　　（一）拒载、议价、途中甩客或者故意绕道行驶的；
　　（二）未经乘客同意搭载其他乘客的；
　　（三）【不按照规定使用计程计价设备、违规收费的】；
　　（四）不按照规定出具相应车费票据的；
　　（五）不按照规定使用巡游出租汽车相关设备的；
　　（六）接受巡游出租汽车电召任务后未履行约定的；
　　（七）不按照规定使用文明用语，车容车貌不符合要求的；
　　（八）在机场、火车站、汽车客运站、港口、公共交通枢纽等客流集散地不服从调度私自揽客的；
　　（九）转让、倒卖、伪造巡游出租汽车相关票据的。","违法事实；你单位2018年所聘驾驶员汪某驾驶出租车，搭载乘客到达目的地后，打表16元，驾驶员汪某实收20元整。经负责人立案审批后，调查人员对当事人汪某进行了询问，制作了询问笔录，汪某承认自己客运出租汽车驾驶人员收取运费超过计价器明示金额整个事实。
处罚依据：《浙江省道路运输条例》第七十五条第（五）项之规定。
处罚决定：对你单位处以罚款人民币300元整。
违法事实: 你单位徐某2022年驾驶出租车在商业广场搭载一名乘客送至中医院，乘客上车后，未翻下出租车计价器进行计价收费，到达目的地后直接收取乘客运费7元。
处罚依据: 《浙江省道路运输条例》第七十五条第（五）项之规定。
处罚决定：对你单位罚款人民币300元整。",巡游出租汽车驾驶员不按照规定使用计程计价设备、违规收费。,责令改正|罚款|暂扣证件|吊销执照,处三百元以上三千元以下罚款|并处以200元以上500元以下罚款,暂无,,
出租车,收费问题,拒开车费发票,《出租汽车驾驶员从业资格管理规定》第四十条第（五）项|《出租汽车驾驶员从业资格管理规定》第四十二条,"出租汽车驾驶员在运营过程中，应当遵守国家对驾驶员在法律法规、职业道德、服务规范、安全运营等方面的资格规定，文明行车、优质服务。出租汽车驾驶员不得有下列行为：
（一）途中甩客或者故意绕道行驶； 
（二）不按照规定使用出租汽车相关设备；
（三）不按照规定使用文明用语，车容车貌不符合要求；
（四）未经乘客同意搭载其他乘客；
（五）【不按照规定出具相应车费票据】；
（六）网络预约出租汽车驾驶员违反规定巡游揽客、站点候客；
（七）巡游出租汽车驾驶员拒载，或者未经约车人或乘客同意、网络预约出租汽车驾驶员无正当理由未按承诺到达约定地点提供预约服务；
（八）巡游出租汽车驾驶员不按照规定使用计程计价设备、违规收费或者网络预约出租汽车驾驶员违规收费；
（九）对举报、投诉其服务质量或者对其服务作出不满意评价的乘客实施报复。
出租汽车驾驶员有本条前款违法行为的，应当加强继续教育；情节严重的，出租汽车行政主管部门应当对其延期注册。|【出租汽车驾驶员违反第十六条、第四十条规定】的，由县级以上出租汽车行政主管部门责令改正，并处200元以上500元以下的罚款。","违法事实: 2022年2月，区交通运输局执法人员收到来自信访局的投诉。信访内容为投诉人乘坐一辆出租车前往某地，司机与其议价金额为210元，到达目的地后，司机没有给其发票。经查问，当班出租车驾驶员为查某。
处罚依据: 《出租汽车驾驶员从业资格管理规定》第四十二条之规定。
处罚决定：责令改正并罚款人民币200元整。",行程结束后巡游出租车驾驶员不按照规定出具相应车费票据。,责令改正|罚款,并处以200元以上500元以下罚款,暂无,,
出租车,营运问题,擅自停用车载监控、计价器等，或者车载设备出现问题未及时检查维修。,《杭州市客运出租汽车管理条例》第五十条第(二)项|《巡游出租汽车经营服务管理规定》第四十八条第（五）项,"违反本条例规定，客运出租汽车驾驶员有下列情形之一的，由道路运输管理机构责令改正，处一百元以上三百元以下罚款：
（一）未随车携带客运出租汽车驾驶员从业资格证的；
（二）【未按照规定使用车载设施设备的】；
（三）从事巡游出租车经营时离开驾驶座位兜揽乘客的。
|巡游出租汽车驾驶员违反本规定，有下列情形之一的，由县级以上地方人民政府出租汽车行政主管部门责令改正，并处以200元以上500元以下罚款：
　　（一）拒载、议价、途中甩客或者故意绕道行驶的；
　　（二）未经乘客同意搭载其他乘客的；
　　（三）不按照规定使用计程计价设备、违规收费的；
　　（四）不按照规定出具相应车费票据的；
　　（五）【不按照规定使用巡游出租汽车相关设备的】；
　　（六）接受巡游出租汽车电召任务后未履行约定的；
　　（七）不按照规定使用文明用语，车容车貌不符合要求的；
　　（八）在机场、火车站、汽车客运站、港口、公共交通枢纽等客流集散地不服从调度私自揽客的；
　　（九）转让、倒卖、伪造巡游出租汽车相关票据的。","违法事实: 你单位在2021年有一辆出租车在火车站有违章嫌疑，通过后台系统调取车载监控视频时发现车载无录像，通知所属公司告知驾驶员前往维修点修理车载设施设备。当事驾驶员孙某接到通知后表示平时很少检查车载设备，但在看的过程中发现车载视频2路监控不清楚。之后前往维修点维修，经维修师傅调试后恢复。
处罚依据: 《杭州市客运出租汽车管理条例》第五十条第(二)项之规定。
处罚决定：对你单位处责令改正并罚款人民币100元整。
|违法事实：你单位在2018年一辆出租车有违法嫌疑，于是指挥该车驾驶员靠边停车接受检查。经检查相关证件，并对该车驾驶员李某制作现场笔录后发现：该车驾驶员李某驾驶出租车在火车站上客1人，司机谈好车费100元，一直未按规定使用计价器，随后被现场运管人员查获，故该车驾驶员李某违反《杭州市客运出租汽车管理条例》第三十一条第(二)项，客运出租汽车驾驶员未按规定使用车载设施设备的。
处罚依据：《杭州市客运出租汽车管理条例》第五十条第(二)项之规定。
处罚决定：对你单位处以罚款人民币100元整。",巡游出租汽车驾驶员不按照规定使用巡游出租汽车相关设备。,责令改正|罚款,处一百元以上三百元以下罚款|并处以200元以上500元以下罚款,暂无,,
出租车,营运问题,无正当理由未按承诺提供预约服务,《出租汽车驾驶员从业资格管理规定》第四十条第（七）项|《出租汽车驾驶员从业资格管理规定》第四十二条,"出租汽车驾驶员在运营过程中，应当遵守国家对驾驶员在法律法规、职业道德、服务规范、安全运营等方面的资格规定，文明行车、优质服务。出租汽车驾驶员不得有下列行为：
（一）途中甩客或者故意绕道行驶； 
（二）不按照规定使用出租汽车相关设备；
（三）不按照规定使用文明用语，车容车貌不符合要求；
（四）未经乘客同意搭载其他乘客；
（五）不按照规定出具相应车费票据；
（六）网络预约出租汽车驾驶员违反规定巡游揽客、站点候客；
（七）巡游出租汽车驾驶员拒载，或者未经约车人或乘客同意、【网络预约出租汽车驾驶员无正当理由未按承诺到达约定地点提供预约服务】；
（八）巡游出租汽车驾驶员不按照规定使用计程计价设备、违规收费或者网络预约出租汽车驾驶员违规收费；
（九）对举报、投诉其服务质量或者对其服务作出不满意评价的乘客实施报复。
出租汽车驾驶员有本条前款违法行为的，应当加强继续教育；情节严重的，出租汽车行政主管部门应当对其延期注册。|【出租汽车驾驶员违反第十六条、第四十条规定】的，由县级以上出租汽车行政主管部门责令改正，并处200元以上500元以下的罚款。","违法事实: 2020年09月，市交通运输局执法人员接到核查举报投诉，乘客在一校区通过网络平台预约一辆出租车要前往某地，司机任某接单后未前往预约地点接乘客，没有为乘客提供服务，引起乘客投诉。执法人员依法对任某进行了询问并制作了《询问笔录》，同时还取得《当事人驾驶证原件》、《行驶证原件》、《从业资格证原件》、《举报投诉登记单原件》、《平台对司机的约谈单复印件》等相关证据。以上证据表明，任某所有的出租车未经乘客同意、网络预约出租汽车驾驶员无正当理由未按承诺到达约定地点提供预约服务。
处罚依据: 《出租汽车驾驶员从业资格管理规定》第四十二条之规定。
处罚决定：责令行政相对人立即改正并决定给予行政相对人罚款人民币200元整的行政处罚。
|违法事实: 2022年2月，市交通运输局执法人员接到核查举报投诉：驾驶员马某驾驶一辆出租车通过网络预约接单，乘客从某酒店到医院，司机到达目的地后电话联系了乘客，乘客不久就到达了上车点，但司机在现场接其他乘客了，并取消了网络预约订单，未能搭载乘客。车辆所有人是甲公司。执法人员依法对马某进行了询问并制作了《询问笔录》，同时还取得其身份证复印件、服务资格证复印件、举报投诉登记单复印件、道路运输证复印件等相关证据。
处罚依据: 《出租汽车驾驶员从业资格管理规定》第四十二条之规定。
处罚决定：责令改正并罚款人民币200元整。",网络预约出租汽车驾驶员无正当理由未按承诺到达约定地点提供预约服务。,责令改正|罚款,并处以200元以上500元以下罚款,暂无,,
出租车,营运问题,驾驶员用语不文明,《巡游出租汽车经营服务管理规定》第四十八条第（七）项,"巡游出租汽车驾驶员违反本规定，有下列情形之一的，由县级以上地方人民政府出租汽车行政主管部门责令改正，并处以200元以上500元以下罚款：
　　（一）拒载、议价、途中甩客或者故意绕道行驶的；
　　（二）未经乘客同意搭载其他乘客的；
　　（三）不按照规定使用计程计价设备、违规收费的；
　　（四）不按照规定出具相应车费票据的；
　　（五）不按照规定使用巡游出租汽车相关设备的；
　　（六）接受巡游出租汽车电召任务后未履行约定的；
　　（七）【不按照规定使用文明用语】，车容车貌不符合要求的；
　　（八）在机场、火车站、汽车客运站、港口、公共交通枢纽等客流集散地不服从调度私自揽客的；
　　（九）转让、倒卖、伪造巡游出租汽车相关票据的。",暂无,巡游出租车驾驶员不按照规定使用文明用语。,责令改正|罚款,并处以200元以上500元以下罚款,暂无,,
出租车,营运问题,车容车貌不整洁,《巡游出租汽车经营服务管理规定》第四十八条第（七）项,"巡游出租汽车驾驶员违反本规定，有下列情形之一的，由县级以上地方人民政府出租汽车行政主管部门责令改正，并处以200元以上500元以下罚款：
　　（一）拒载、议价、途中甩客或者故意绕道行驶的；
　　（二）未经乘客同意搭载其他乘客的；
　　（三）不按照规定使用计程计价设备、违规收费的；
　　（四）不按照规定出具相应车费票据的；
　　（五）不按照规定使用巡游出租汽车相关设备的；
　　（六）接受巡游出租汽车电召任务后未履行约定的；
　　（七）不按照规定使用文明用语，【车容车貌不符合要求的】；
　　（八）在机场、火车站、汽车客运站、港口、公共交通枢纽等客流集散地不服从调度私自揽客的；
　　（九）转让、倒卖、伪造巡游出租汽车相关票据的。",暂无,巡游出租车车容车貌不符合要求。,责令改正|罚款,并处以200元以上500元以下罚款,暂无,,
出租车,营运问题,在火车站/机场等禁止上客区域违章揽客,《巡游出租汽车经营服务管理规定》第四十八条第（八）项,"巡游出租汽车驾驶员违反本规定，有下列情形之一的，由县级以上地方人民政府出租汽车行政主管部门责令改正，并处以200元以上500元以下罚款：
（一）拒载、议价、途中甩客或者故意绕道行驶的；
（二）未经乘客同意搭载其他乘客的；
（三）不按照规定使用计程计价设备、违规收费的；
（四）不按照规定出具相应车费票据的；
（五）不按照规定使用巡游出租汽车相关设备的；
（六）接受巡游出租汽车电召任务后未履行约定的；
（七）不按照规定使用文明用语，车容车貌不符合要求的；
（八）【在机场、火车站、汽车客运站、港口、公共交通枢纽等客流集散地不服从调度私自揽客的】；
（九）转让、倒卖、伪造巡游出租汽车相关票据的。","违法事实：你单位驾驶员孙某在2019年驾驶出租车在火车站禁止上客区域违章揽客，先后招徕了三名客人，后被一乘客投诉至12328，经过核实，故该车驾驶员孙某驾驶出租车违反《巡游出租汽车经营服务管理规定》第二十三条第（九）项，巡游出租汽车驾驶员在机场、火车站、汽车客运站、港口、公共交通枢纽等客流集散地不服从调度私自揽客。
处罚依据：《巡游出租汽车经营服务管理规定》第四十八条第（一）项之规定。
处罚决定：对你单位处以罚款人民币500元整，责令改正。
|违法事实：你单位驾驶员汪某驾驶出租车在火车站二层平台禁止上客区域违章上客，被现场视频拍摄到，故该车驾驶员汪某因违反《巡游出租汽车经营服务管理规定》第二十三条第（九）项，巡游出租汽车驾驶员在机场、火车站、汽车客运站、港口、公共交通枢纽等客流集散地不服从调度私自揽客被我执法人员查获。
处罚依据：《巡游出租汽车经营服务管理规定》第四十八条第（一）项之规定。
处罚决定：对你单位处以罚款人民币500元整。",巡游出租汽车驾驶员违反规定在机场、火车站、汽车客运站、港口、公共交通枢纽等客流集散地载客时存在不文明排队，不服从调度或在非指定区域揽客。,责令改正|罚款,并处以200元以上500元以下罚款,暂无,,
网约车,资质问题,未取得许可，擅自从事网约车经营活动,《杭州市客运出租汽车管理条例》第四十八条第（一）项|《网络预约出租汽车经营服务管理暂行办法》第三十四条第（一）项,"违反本条例规定，网约出租车经营者有下列行为之一的，由道路运输管理机构责令改正，处五千元以上一万元以下罚款；情节严重的，处一万元以上三万元以下罚款；情节特别严重的，吊销其经营许可证：
（一）【实际提供服务的车辆未取得网约出租车运输证或者实际提供服务的驾驶员未取得客运出租汽车驾驶员从业资格证的】；
（二）实际提供服务的车辆和驾驶员与线上预约的车辆和驾驶员不一致的；
（三）超出经营区域从事经营的；
（四）未按照规定公布运价规则或者未报告有关部门的。
|违反本规定，有下列行为之一的，由县级以上出租汽车行政主管部门责令改正，予以警告，并处以10000元以上30000元以下罚款；构成犯罪的，依法追究刑事责任：
　　（一）【未取得经营许可，擅自从事或者变相从事网约车经营活动的】；
　　（二）伪造、变造或者使用伪造、变造、失效的《网络预约出租汽车运输证》《网络预约出租汽车驾驶员证》从事网约车经营活动的。","违法事实：你单位存在提供服务车辆未取得《网约出租车运输证》行为。当事人杨某驾驶轿车通过其公司手机应用软件接单，为站点拼车单。到达后通过软件收取车费39.62元。该车辆未取得《网约出租车运输证》。经负责人立案审批后，调查人员对案件进行调查。
处罚依据：《杭州市客运出租汽车管理条例》第四十八条第（一）项之规定。
处罚决定：对你单位处以罚款人民币20000元整。
|违法事实：你单位吴某在2022年驾驶小型客车载有2名乘客，经驾驶员陈述乘客在打车软件发布打车信息他主动到乘客位置，经检查该车驾驶员吴某无法出示出租汽车驾驶员《从业资格证》，无法出示小型轿车的《网络预约出租汽车运输证》。经进一步调查小型轿车所有人是吴某，吴某未取得出租汽车驾驶员《从业资格证》，小型轿车未取得《网络预约出租汽车运输证》，吴某未取得经营许可，使用网约车软件接送乘客，收取运费人民币7元，从事网约车经营。
处罚依据: 《网络预约出租汽车经营服务管理暂行办法》第三十四条第（一）项之规定。
处罚决定：对你单位处责令改正并警告，罚款人民币10000元整，没收违法所得7元。",未取得经营许可，擅自从事或者变相从事网约车经营活动。,责令改正|警告|罚款|吊销执照|追究刑事责任,处五千元以上一万元以下罚款；情节严重的，处一万元以上三万元以下罚款；情节特别严重的，吊销其经营许可证|并处以10000元以上30000元以下罚款,【非法经营罪】,《中华人民共和国刑法》第二百二十五条,"违反国家规定，有下列非法经营行为之一，扰乱市场秩序，情节严重的，处五年以下有期徒刑或者拘役，并处或者单处违法所得一倍以上五倍以下罚金；情节特别严重的，处五年以上有期徒刑，并处违法所得一倍以上五倍以下罚金或者没收财产：
　　（一）未经许可经营法律、行政法规规定的专营、专卖物品或者其他限制买卖的物品的；
　　（二）买卖进出口许可证、进出口原产地证明以及其他法律、行政法规规定的经营许可证或者批准文件的；
　　（三）未经国家有关主管部门批准非法经营证券、期货、保险业务的，或者非法从事资金支付结算业务的；
　　（四）【其他严重扰乱市场秩序的非法经营行为】。"
网约车,资质问题,网约出租车驾驶员未取得从业资格证,《网络预约出租汽车经营服务管理暂行办法》第三十五条第（二）项,"网约车平台公司违反本规定，有下列行为之一的，由县级以上出租汽车行政主管部门和价格主管部门按照职责责令改正，对每次违法行为处以5000元以上10000元以下罚款；情节严重的，处以10000元以上30000元以下罚款：
　　（一）提供服务车辆未取得《网络预约出租汽车运输证》，或者线上提供服务车辆与线下实际提供服务车辆不一致的；
　　（二）【提供服务驾驶员未取得《网络预约出租汽车驾驶员证》】，或者线上提供服务驾驶员与线下实际提供服务驾驶员不一致的；
　　（三）未按照规定保证车辆技术状况良好的；
　　（四）起讫点均不在许可的经营区域从事网约车经营活动的；
　　（五）未按照规定将提供服务的车辆、驾驶员相关信息向服务所在地出租汽车行政主管部门报备的；
　　（六）未按照规定制定服务质量标准、建立并落实投诉举报制度的；
　　（七）未按照规定提供共享信息，或者不配合出租汽车行政主管部门调取查阅相关数据信息的；
　　（八）未履行管理责任，出现甩客、故意绕道、违规收费等严重违反国家相关运营服务标准行为的。
　　网约车平台公司不再具备线上线下服务能力或者有严重违法行为的，由县级以上出租汽车行政主管部门依据相关法律法规的有关规定责令停业整顿、吊销相关许可证件。","违法事实：你单位存在提供服务驾驶员未取得《网络预约出租汽车驾驶员证》行为。当事人赵某驾驶轿车通过打车手机软件接单，约定到达目的地后乘客通过平台支付车费，经查，赵某未取得《网络预约出租汽车驾驶员证》，违反《网络预约出租汽车经营服务管理暂行办法》第十八条，网约车平台公司提供服务驾驶员未取得《网络预约出租汽车驾驶员证》。经负责人立案审批后，执法人员给当事人赵某制作了现场笔录，并告知其享有的权利。经调查，赵某未取得《网络预约出租汽车驾驶员证》，我处认定甲公司存提供服务驾驶员未取得《网络预约出租汽车驾驶员证》事实成立。
处罚依据：《网络预约出租汽车经营服务管理暂行办法》第三十五条第一款第（二）项之规定。
处罚决定：对你单位处以罚款人民币10000元整。
|违法事实: 2022年3月，市交通运输局执法人员通过管理部门信息共享，发现当事驾驶员罗某通过滴滴出行平台接单载运乘客，订单状态显示已完成。执法人员查询省交通运输审批服务系统，未发现罗某申请网约车经营许可记录。滴滴出行平台给未取得网络预约出租汽车驾驶员证的罗某派发网约车订单的行为涉嫌违反《网络预约出租汽车经营服务管理暂行办法》第十八条，其行为涉嫌提供服务驾驶员未取得《网络预约出租汽车驾驶员证》。
处罚依据: 《网络预约出租汽车经营服务管理暂行办法》第三十五条第（二）项之规定。
处罚决定：责令改正并罚款人民币10000元整。",提供服务驾驶员未取得《网络预约出租汽车驾驶员证》。,责令改正|罚款,对每次违法行为处以5000元以上10000元以下罚款；情节严重的，处以10000元以上30000元以下罚款,暂无,,
网约车,营运问题,实际接送乘客车辆车牌与预订不符,《杭州市客运出租汽车管理条例》第四十八条第（二）项|《网络预约出租汽车经营服务管理暂行办法》第十七条,"违反本条例规定，网约出租车经营者有下列行为之一的，由道路运输管理机构责令改正，处五千元以上一万元以下罚款；情节严重的，处一万元以上三万元以下罚款；情节特别严重的，吊销其经营许可证：
（一）实际提供服务的车辆未取得网约出租车运输证或者实际提供服务的驾驶员未取得客运出租汽车驾驶员从业资格证的；
（二）【实际提供服务的车辆和驾驶员与线上预约的车辆和驾驶员不一致的】；
（三）超出经营区域从事经营的；
（四）未按照规定公布运价规则或者未报告有关部门的。
|网约车平台公司应当保证提供服务车辆具备合法营运资质，技术状况良好，安全性能可靠，具有营运车辆相关保险，【保证线上提供服务的车辆与线下实际提供服务的车辆一致】，并将车辆相关信息向服务所在地出租汽车行政主管部门报备。","违法事实：你单位轿车有违法嫌疑，于是指挥该车驾驶员靠边停车接受检查。经检查相关证件，并对该车驾驶员钱某制作现场笔录后发现：该车驾驶员钱某在平台使用钱某姓名与身份信息、车牌车辆信息、手机号注册滴滴司机账号，通过滴滴平台接受快车订单，搭载乘客被执法人员查获。该次滴滴快车行程订单实际接送乘客车辆车牌不符，违反《杭州市客运出租汽车管理条例》第三十六条第（三）项，网约出租车经营者实际提供服务的车辆与线上预约的车辆不一致的。
处罚依据：《杭州市客运出租汽车管理条例》第四十八条第（二）项之规定。
处罚决定：对你单位处以罚款人民币20000元整。
|2021年2月，市交通局执法人员在机场出发层附近巡查时，发现一辆网约出租车有违法嫌疑，于是让该车驾驶员靠边停车接受检查。经查：驾驶员赵某通过乙出行平台承接了一单生意，当时车内有3名乘客前往某地，该车驾驶员赵某当时订单内显示的服务车号为A，但实际提供的车号为B。乙出行平台）违反《网络预约出租汽车经营服务管理暂行办法》第十七条，线上提供服务车辆与线下实际提供服务车辆不一致被我执法人员查获。
处罚依据：《网络预约出租汽车经营服务管理暂行办法》第十七条之规定。
处罚决定：责令改正并罚款人民币5000元整。",网络预约出租汽车线上提供服务车辆与线下实际提供服务车辆不一致。,责令改正|罚款|吊销许可证,处五千元以上一万元以下罚款；情节严重的，处一万元以上三万元以下罚款；情节特别严重的，吊销其经营许可证,暂无,,
网约车,营运问题,实际提供服务驾驶员与线上不符,《网络预约出租汽车经营服务管理暂行办法》第三十五条第（二）项,"网约车平台公司违反本规定，有下列行为之一的，由县级以上出租汽车行政主管部门和价格主管部门按照职责责令改正，对每次违法行为处以5000元以上10000元以下罚款；情节严重的，处以10000元以上30000元以下罚款：
　　（一）提供服务车辆未取得《网络预约出租汽车运输证》，或者线上提供服务车辆与线下实际提供服务车辆不一致的；
　　（二）提供服务驾驶员未取得《网络预约出租汽车驾驶员证》，或者【线上提供服务驾驶员与线下实际提供服务驾驶员不一致的】；
　　（三）未按照规定保证车辆技术状况良好的；
　　（四）起讫点均不在许可的经营区域从事网约车经营活动的；
　　（五）未按照规定将提供服务的车辆、驾驶员相关信息向服务所在地出租汽车行政主管部门报备的；
　　（六）未按照规定制定服务质量标准、建立并落实投诉举报制度的；
　　（七）未按照规定提供共享信息，或者不配合出租汽车行政主管部门调取查阅相关数据信息的；
　　（八）未履行管理责任，出现甩客、故意绕道、违规收费等严重违反国家相关运营服务标准行为的。
　　网约车平台公司不再具备线上线下服务能力或者有严重违法行为的，由县级以上出租汽车行政主管部门依据相关法律法规的有关规定责令停业整顿、吊销相关许可证件。","违法事实: 2021年11月，市交通运输局执法人员通过省行政执法监管发现一辆网约车在通过蓝道出行平台接单从事网约车经营过程中存在人车证均不符的情况。执法人员根据浙江省行政执法监管平台提供的线索在某地对该网约车进行检查，检查发现当事驾驶员李某驾驶车辆通过蓝道出行平台接单载运乘客至东站，被检查行程已经结束，乘客已经支付运费。当事驾驶员李某不具有网络预约出租汽车驾驶员证，他是借用李某某的账号通过蓝道出行平台接单从事网约车经营的，蓝道出行平台给李某驾驶车辆派发网约车订单的行为涉嫌违反《网络预约出租汽车经营服务管理暂行办法》第十八条，其行为涉嫌线上提供服务驾驶员与线下实际提供服务驾驶员不一致。
处罚依据: 《网络预约出租汽车经营服务管理暂行办法》第三十五条第（二）项之规定。
处罚决定：责令改正并罚款人民币10000元整。
|违法事实: 2021年9月，市交通运输局执法人员在某剧场对面巡查时，发现一辆网约车有违法嫌疑，于是指挥该车驾驶员靠边停车接受检查。经检查相关证件，并对该车驾驶员刘某制作现场笔录后发现：该车驾驶员刘某驾驶车辆通过旅程约车平台接单从事网约车经营活动，驾驶员刘某出示的旅程约车司机端显示该网约车驾驶员实际姓名是田某，驾驶员刘某陈述是借用田某的旅程约车司机端账号、田某旅程约车平台注册的车辆通过旅程约车平台接单从事网约车经营活动。
处罚依据: 《网络预约出租汽车经营服务管理暂行办法》第三十五条第一款第（二）项之规定。
处罚决定：责令改正并罚款人民币5000元整。",网络预约出租汽车线上提供服务驾驶员与线下实际提供服务驾驶员不一致。,责令改正|罚款,对每次违法行为处以5000元以上10000元以下罚款；情节严重的，处以10000元以上30000元以下罚款,暂无,,
网约车,营运问题,中途甩客,《网络预约出租汽车经营服务管理暂行办法》第三十六条第一款第（二）项,"网约车驾驶员违反本规定，有下列情形之一的，由县级以上出租汽车行政主管部门和价格主管部门按照职责责令改正，对每次违法行为处以50元以上200元以下罚款：
　　（一）未按照规定携带《网络预约出租汽车运输证》、《网络预约出租汽车驾驶员证》的；
　　（二）【途中甩客】或者故意绕道行驶的；
　　（三）违规收费的；
　　（四）对举报、投诉其服务质量或者对其服务作出不满意评价的乘客实施报复行为的。
　　网约车驾驶员不再具备从业条件或者有严重违法行为的，由县级以上出租汽车行政主管部门依据相关法律法规的有关规定撤销或者吊销从业资格证件。
　　对网约车驾驶员的行政处罚信息计入驾驶员和网约车平台公司信用记录。",暂无,网约车驾驶员中途甩客。,责令改正|罚款,对每次违法行为处以50元以上200元以下罚款,暂无,,
网约车,营运问题,绕道行驶,《网络预约出租汽车经营服务管理暂行办法》第三十六条第一款第（二）项,"网约车驾驶员违反本规定，有下列情形之一的，由县级以上出租汽车行政主管部门和价格主管部门按照职责责令改正，对每次违法行为处以50元以上200元以下罚款：
　　（一）未按照规定携带《网络预约出租汽车运输证》、《网络预约出租汽车驾驶员证》的；
　　（二）途中甩客或者【故意绕道行驶的】；
　　（三）违规收费的；
　　（四）对举报、投诉其服务质量或者对其服务作出不满意评价的乘客实施报复行为的。
　　网约车驾驶员不再具备从业条件或者有严重违法行为的，由县级以上出租汽车行政主管部门依据相关法律法规的有关规定撤销或者吊销从业资格证件。
　　对网约车驾驶员的行政处罚信息计入驾驶员和网约车平台公司信用记录。",暂无,网约车驾驶员未按照乘客指定的目的地选择合理路线行驶，绕道行驶。,责令改正|罚款,对每次违法行为处以50元以上200元以下罚款,暂无,,
网约车,收费问题,违规收费,《网络预约出租汽车经营服务管理暂行办法》第三十六条第一款第（三）项,"网约车驾驶员违反本规定，有下列情形之一的，由县级以上出租汽车行政主管部门和价格主管部门按照职责责令改正，对每次违法行为处以50元以上200元以下罚款：
　　（一）未按照规定携带《网络预约出租汽车运输证》、《网络预约出租汽车驾驶员证》的；
　　（二）途中甩客或者故意绕道行驶的；
　　（三）【违规收费的】；
　　（四）对举报、投诉其服务质量或者对其服务作出不满意评价的乘客实施报复行为的。
　　网约车驾驶员不再具备从业条件或者有严重违法行为的，由县级以上出租汽车行政主管部门依据相关法律法规的有关规定撤销或者吊销从业资格证件。
　　对网约车驾驶员的行政处罚信息计入驾驶员和网约车平台公司信用记录。",暂无,网约车驾驶员违规收费。,责令改正|罚款,对每次违法行为处以50元以上200元以下罚款,暂无,,
网约车,营运问题,报复举报、投诉的乘客,《网络预约出租汽车经营服务管理暂行办法》第三十六条第一款第（四）项,"网约车驾驶员违反本规定，有下列情形之一的，由县级以上出租汽车行政主管部门和价格主管部门按照职责责令改正，对每次违法行为处以50元以上200元以下罚款：
　　（一）未按照规定携带《网络预约出租汽车运输证》、《网络预约出租汽车驾驶员证》的；
　　（二）途中甩客或者故意绕道行驶的；
　　（三）违规收费的；
　　（四）【对举报、投诉其服务质量或者对其服务作出不满意评价的乘客实施报复行为的】。
　　网约车驾驶员不再具备从业条件或者有严重违法行为的，由县级以上出租汽车行政主管部门依据相关法律法规的有关规定撤销或者吊销从业资格证件。
　　对网约车驾驶员的行政处罚信息计入驾驶员和网约车平台公司信用记录。",暂无,网约车驾驶员对举报、投诉其服务质量或者对其服务作出不满意评价的乘客实施报复行为。,责令改正|罚款,对每次违法行为处以50元以上200元以下罚款,暂无,,
网约车,营运问题,违法使用或者泄露约车人、乘客个人信息,《网络预约出租汽车经营服务管理暂行办法》第三十七条第二款,"网约车平台公司违反本规定第十、十八、二十六、二十七条有关规定的，由网信部门、公安机关和通信主管部门按各自职责依照相关法律法规规定给予处罚；给信息主体造成损失的，依法承担民事责任；涉嫌犯罪的，依法追究刑事责任。
　　【网约车平台公司及网约车驾驶员违法使用或者泄露约车人、乘客个人信息的】，由公安、网信等部门依照各自职责处以2000元以上10000元以下罚款；给信息主体造成损失的，依法承担民事责任；涉嫌犯罪的，依法追究刑事责任。
　　网约车平台公司拒不履行或者拒不按要求为公安机关依法开展国家安全工作，防范、调查违法犯罪活动提供技术支持与协助的，由公安机关依法予以处罚；构成犯罪的，依法追究刑事责任。",暂无,网约车平台公司及网约车驾驶员违法使用或者泄露约车人、乘客个人信息。,罚款|承担民事责任|追究刑事责任,处以2000元以上10000元以下罚款,【侵犯公民个人信息罪】,《中华人民共和国刑法》第二百五十三条之一,"违反国家有关规定，向他人出售或者提供公民个人信息，情节严重的，处三年以下有期徒刑或者拘役，并处或者单处罚金；情节特别严重的，处三年以上七年以下有期徒刑，并处罚金。
　　违反国家有关规定，【将在履行职责或者提供服务过程中获得的公民个人信息，出售或者提供给他人的】，依照前款的规定从重处罚。
　　窃取或者以其他方法非法获取公民个人信息的，依照第一款的规定处罚。
　　单位犯前三款罪的，对单位判处罚金，并对其直接负责的主管人员和其他直接责任人员，依照各该款的规定处罚。"
货运车辆,资质问题,货运车辆未办理道路运输证即上岗运输,《道路货物运输及站场管理规定》第五十九条第一款,"违反本规定，【取得道路货物运输经营许可的道路货物运输经营者使用无道路运输证的车辆参加货物运输的】，由县级以上道路运输管理机构责令改正，处3000元以上1万元以下的罚款。
　　违反本规定，道路货物运输经营者不按照规定携带《道路运输证》的，由县级以上道路运输管理机构责令改正，处警告或者20元以上200元以下的罚款。","违法事实: 你单位被某区交通运输局行政执法人员进行了检查，现场人员是杨某，车辆所有人是你单位，该车装运混凝土，执法人员发现该车有道路货物运输经营者使用无道路运输证的车辆参加货物运输的违法嫌疑，依法就近引导至进行调查处理。执法人员根据现场情况制作了《现场笔录》。执法人员依法对邵某进行了询问并制作了《询问笔录》，同时还取得行驶证原件、营业执照复印件、道路运输经营许可证复印件、邵某身份证复印件、驾驶员身份证复印件、驾驶员驾驶证复印件、从业资格证复印件、现场笔录等相关证据。
处罚依据: 《道路货物运输及站场管理规定》第五十九条第一款之规定。
处罚决定：对你单位处责令改正并罚款人民币3500元整。
|违法事实: 2022年3月，区交通运输局行政执法人员对一辆半挂牵引车进行检查。经检查发现，该车辆所有人为乙公司。当日驾驶员蒋某驾驶该车从某地装载石子运到丙公司，驾驶员蒋某无法当场提供该半挂牵引车的道路运输证。执法人员依法取得现场笔录、现场照片、营业执照复印件、身份证复印件、道路运输经营许可证复印件、行驶证复印件、其它书证复印件、受委托人身份证复印件、受委托人驾驶证复印件、从业资格证复印件、授权委托书复印件、对蒋某的询问笔录等相关证据。
处罚依据: 《道路货物运输及站场管理规定》第五十九条第一款之规定。
处罚决定：责令改正并罚款人民币5000元整。",货运车辆未办理道路运输证即上岗运输，涉嫌无证运输。,责令改正|罚款,处3000元以上1万元以下的罚款,暂无,,
货运车辆,资质问题,无证经营危险货物运输,《中华人民共和国道路运输条例》第六十三条|《道路危险货物运输管理规定》第五十六条第(一)项,"违反本条例之规定。处罚决定：【未取得道路运输经营许可，擅自从事道路运输经营的】，由县级以上地方人民政府交通运输主管部门责令停止经营；有违法所得的，没收违法所得，处违法所得2倍以上10倍以下的罚款；没有违法所得或者违法所得不足2万元的，处3万元以上10万元以下的罚款；构成犯罪的，依法追究刑事责任。|违反本规定，有下列情形之一的，由县级以上道路运输管理机构责令停止运输经营，有违法所得的，没收违法所得，处违法所得2倍以上10倍以下的罚款；没有违法所得或者违法所得不足2万元的，处3万元以上10万元以下的罚款；构成犯罪的，依法追究刑事责任：
　　（一）【未取得道路危险货物运输许可，擅自从事道路危险货物运输的】；
　　（二）使用失效、伪造、变造、被注销等无效道路危险货物运输许可证件从事道路危险货物运输的；
　　（三）超越许可事项，从事道路危险货物运输的；
　　（四）非经营性道路危险货物运输单位从事道路危险货物运输经营的。","违法事实:你单位驾驶员史某2022年驾驶轻型厢式货车，甲公司未取得道路危险货物运输许可证，该辆轻型厢式货车未取得危险货物运输道路运输证。
处罚依据: 《中华人民共和国道路运输条例》第六十三条、《道路危险货物运输管理规定》第五十六条之规定。
处罚决定：对你单位罚款人民币30000元整。
|违法事实：你单位在2021年某区交通运输局行政执法人员对你单位进行了检查，现场人员是李某，车辆所有人是乙公司。执法人员根据现场情况制作了《现场笔录》。经批准立案，执法人员依法对李某进行了询问并制作了《询问笔录》，同时还取得现场笔录、现场照片、查询记录、当事人驾驶证复印件、行驶证复印件、李某身份证复印件、驳货现场照片、查询记录、情况说明等相关证据。
处罚依据: 《中华人民共和国道路运输条例》第六十三条、《道路危险货物运输管理规定》第五十六条第(一)项之规定。
处罚决定：对你单位责令停止运输经营，罚款人民币18000元整。",未取得道路危险货物运输许可，擅自从事道路危险货物运输。,责令停止经营|没收违法所得|罚款|追究刑事责任,有违法所得的，没收违法所得，处违法所得2倍以上10倍以下的罚款；没有违法所得或者违法所得不足2万元的，处3万元以上10万元以下的罚款,【非法经营罪】,《中华人民共和国刑法》第二百二十五条,"违反国家规定，有下列非法经营行为之一，扰乱市场秩序，情节严重的，处五年以下有期徒刑或者拘役，并处或者单处违法所得一倍以上五倍以下罚金；情节特别严重的，处五年以上有期徒刑，并处违法所得一倍以上五倍以下罚金或者没收财产：
　　（一）未经许可经营法律、行政法规规定的专营、专卖物品或者其他限制买卖的物品的；
　　（二）买卖进出口许可证、进出口原产地证明以及其他法律、行政法规规定的经营许可证或者批准文件的；
　　（三）未经国家有关主管部门批准非法经营证券、期货、保险业务的，或者非法从事资金支付结算业务的；
　　（四）【其他严重扰乱市场秩序的非法经营行为】。"
货运车辆,营运问题,没有制作危险货物运单,《危险货物道路运输安全管理办法》第六十条第（二）项,"交通运输主管部门对危险货物承运人有下列情形之一的，应当责令改正，处2000元以上5000元以下的罚款：
（一）违反本办法第二十三条，未在罐式车辆罐体的适装介质列表范围内或者移动式压力容器使用登记证上限定的介质承运危险货物的；
（二）违反本办法第二十四条，【未按照规定制作危险货物运单或者保存期限不符合要求的】；
（三）违反本办法第二十五条，未按照要求对运输车辆、罐式车辆罐体、可移动罐柜、罐箱及设备进行检查和记录的。","违法事实: 2022年3月，我局执法人员接到危货物流管控系统派发的工单，发现一辆重型罐式半挂车/挂车装货打卡点坐标和电运单中装货地不一致，经核实该重型罐式半挂车/挂车车辆所有人是甲公司，当时驾驶员是牛某，该车从A市装载27.85吨丁二烯运到B市，根据电子运单跟踪显示实际装货打卡地是A市 ，但该车打卡坐标地是在B市，甲公司未按照规定制作危险货物运单。
处罚依据: 《危险货物道路运输安全管理办法》第六十条第（二）项之规定。
处罚决定：责令改正并罚款人民币3000元整。
|违法事实: 2022年1月，区交通运输局执法人员在对一辆重型栏板货车进行检查，现场驾驶员是肖某，车辆所有人是乙公司，该车经营范围为经营危险货物运输(2.1项、2.2项、2.3项、第3类、501项、第8类、危险废物)（剧毒化学物品除外）当时肖某驾驶乙公司所属的重型栏板货车，该车装载200升装液氮2瓶，50升装氩气24瓶，5公斤装乙炔2瓶，从C区运往D区，驾驶员无法当场出示液氮和乙炔的电子货物运单。乙公司承运人未按照规定制作危险货物运单。
处罚依据: 《危险货物道路运输安全管理办法》第六十条第（二）项之规定。
处罚决定：责令改正并罚款人民币2000元整。",危险货物承运人未按照规定制作危险货物运单或者运单保存期限不符合要求。,责令改正|罚款,处2000元以上5000元以下的罚款,暂无,,
货运车辆,营运问题,没有随车携带危险货物运单/安全卡,《危险货物道路运输安全管理办法》第六十一条第（一）项,"交通运输主管部门对危险货物道路运输车辆驾驶人具有下列情形之一的，应当责令改正，处1000元以上3000元以下的罚款：
（一）违反本办法第二十四条、第四十四条，【未按照规定随车携带危险货物运单、安全卡的】；
（二）违反本办法第四十七条，罐式车辆罐体、可移动罐柜、罐箱的关闭装置在运输过程中未处于关闭状态的。","违法事实: 2022年2月，本机关行政执法人员巡查时，发现一辆罐式货车装载盐酸行经高速收费站。执法人员引导车辆靠边停车接受检查，驾驶员罗某无法出示危险货物道路运输安全卡。对徐某进行了询问，并收集了其他相关证据。
处罚依据: 《危险货物道路运输安全管理办法》第六十一条第（一）项之规定。
处罚决定：责令改正并罚款人民币1000元整。
|违法事实: 2021年11月，区交通运输局执法人员在省道某路口处对一辆厢式货车进行检查。现场驾驶员是戴某，车辆所有人是甲公司，该车经营范围是经营性危险货运运输（6.1项、危险废品）(剧毒化学物品除外)。当时戴某驾驶甲公司所属的厢式货车，该车装载松香水，无尘纸等危险货物，当事人戴某不能当场出示该车的道路运输危险货物安全卡。
处罚依据: 《危险货物道路运输安全管理办法》第六十一条第（一）项之规定。
处罚决定：责令改正并罚款人民币1000元整。",危险货物道路运输车辆驾驶人未按照规定随车携带危险货物运单、安全卡。,责令改正|罚款,处1000元以上3000元以下的罚款,暂无,,
货运车辆,营运问题,年审到期未按规定维护和检测,《中华人民共和国道路运输条例》第七十条第一款,"违反本条例之规定。处罚决定：【客运经营者、货运经营者不按规定维护和检测运输车辆的】，由县级以上地方人民政府交通运输主管部门责令改正，处1000元以上5000元以下的罚款。
　　违反本条例之规定。处罚决定：客运经营者、货运经营者擅自改装已取得车辆营运证的车辆的，由县级以上地方人民政府交通运输主管部门责令改正，处5000元以上2万元以下的罚款。","违法事实：你单位在2018年一辆普通货车有违法嫌疑，于是联系该车所属公司接受检查。经检查相关证件，并对该公司委托人员刘某制作询问笔录后发现：甲公司的这辆普通货车未及时参与综合性能检测，该车综合性能检测报告已到期，违反《中华人民共和国道路运输条例》第三十条，货运经营者不按规定维护和检测运输车辆。
处罚依据：《中华人民共和国道路运输条例》第七十条第一款之规定。
处罚决定：对你单位处以罚款人民币1000元整。
|违法事实：你单位在2018年一辆自卸货车有违法嫌疑，于是联系你单位派人接受检查。经检查相关证件，并对受委托人唐某制作询问笔录后发现：乙公司所有车辆的其中一辆自卸货车未按规定进行检测，其年审有效期已截止，综合性能检测报告已过期，违反《中华人民共和国道路运输条例》第三十条，货运经营者不按规定维护和检测运输车辆。
处罚依据：《中华人民共和国道路运输条例》第七十条第一款之规定。
处罚决定：对你单位处以罚款人民币1000元整。",客运经营者、货运经营者不按规定维护和检测运输车辆。,责令改正|罚款,处1000元以上5000元以下的罚款,暂无,,
货运车辆,营运问题,货物在行驶途中脱落、扬撒,《中华人民共和国道路运输条例》第六十九条第（五）项|《道路货物运输及站场管理规定》第六十一条第（二）项,"违反本条例之规定。处罚决定：客运经营者、货运经营者有下列情形之一的，由县级以上地方人民政府交通运输主管部门责令改正，处1000元以上3000元以下的罚款；情节严重的，由原许可机关吊销道路运输经营许可证：
　　（一）不按批准的客运站点停靠或者不按规定的线路、公布的班次行驶的；
　　（二）强行招揽旅客、货物的；
　　（三）在旅客运输途中擅自变更运输车辆或者将旅客移交他人运输的；
　　（四）未报告原许可机关，擅自终止客运经营的；
　　（五）【没有采取必要措施防止货物脱落、扬撒等的】。|违反本规定，道路货物运输经营者有下列情形之一的，由县级以上道路运输管理机构责令改正，处1000元以上3000元以下的罚款；情节严重的，由原许可机关吊销道路运输经营许可证或者吊销其相应的经营范围：
（一）强行招揽货物的；
（二）【没有采取必要措施防止货物脱落、扬撒的】。","违法事实: 2022年3月，甲公司驾驶员姚某驾驶一辆自卸货车从某工地装运渣土前往码头，没有采取必要措施防止货物脱落，有沙子脱落。污染路面已清理干净。
处罚依据: 《中华人民共和国道路运输条例》第六十九条第（五）项、《道路货物运输及站场管理规定》第六十一条第（二）项之规定。
处罚决定：罚款人民币1000元整。
|违法事实: 2022年3月，区交通运输局执法人员在某村对一辆挂车进行检查。现场驾驶员是马某，车辆所有人是乙公司，该车经营范围为普通货运。当时马某驾驶乙公司所属的挂车，该车装载石子（带水泥）从石料场到某地，因车厢密闭不严，虽有篷布覆盖，但沿途仍有大量泥水滴落。
处罚依据: 《中华人民共和国道路运输条例》第六十九条第（五）项、《道路货物运输及站场管理规定》第六十一条第（二）项之规定。
处罚决定：责令改正并罚款人民币1000元整。",货运经营者没有采取必要措施防止货物脱落、扬撒。,责令改正|罚款|吊销许可证,处1000元以上3000元以下的罚款,暂无,,
货运车辆,营运问题,擅自改装车辆,《道路运输车辆技术管理规定》第三十一条第（二）项,"违反本规定，道路运输经营者有下列行为之一的，县级以上道路运输管理机构应当责令改正，给予警告；情节严重的，处以1000元以上5000元以下罚款：
（一）道路运输车辆技术状况未达到《道路运输车辆综合性能要求和检验方法》（GB18565）的；
（二）【使用报废、擅自改装、拼装、检测不合格以及其他不符合国家规定的车辆从事道路运输经营活动】的；
（三）未按照规定的周期和频次进行车辆综合性能检测和技术等级评定的；
（四）未建立道路运输车辆技术档案或者档案不符合规定的；
（五）未做好车辆维护记录的。","违法事实: 2022年1月，李某驾驶甲公司的挂车从某收费站上高速去拉石子，在某服务区西区被执法人员发现车厢拦板存在改装行为。经现场测量，该车车身侧面拦板为双层拦板，实际高度为1300mm，车尾拦板为双层拦板，实际高度为1300mm。该车行驶证及道路运输证显示为单层拦板，车辆注册登记高度为600mm。当事人擅自改装车辆(六轴)，使该车实际车身侧面拦板增加一层，货厢侧面拦板高度增加了700mm，车尾拦板高度增加了700mm拦板，加装拦板通过电镀焊接及螺栓与车体固定。已由交警执行罚款的行政处罚。当事人的行为属本省本年度初次被查。
处罚依据: 《道路运输车辆技术管理规定》第三十一条第（二）项之规定。
处罚决定：责令改正并警告。
|违法事实: 2022年1月，市交通运输局行政执法人员对一辆牵引车进行了检查，现场人员是郑某，车辆所有人是乙公司，该车装运石子，执法人员发现该车有使用擅自改装的车辆从事道路运输经营活动（处罚单位）的违法嫌疑，依法就近引导至进行调查处理。
处罚依据: 《道路运输车辆技术管理规定》第三十一条第（二）项之规定。
处罚决定：责令改正并罚款人民币1000元整。",客运经营者、货运经营者擅自改装已取得车辆营运证的车辆。,责令改正|警告|罚款,情节严重的，处以1000元以上5000元以下罚款,暂无,,
货运车辆,营运问题,未随车携带车辆营运证,《中华人民共和国道路运输条例》第六十八条|《浙江省道路运输条例》第七十八条|《道路货物运输及站场管理规定》第五十九条第二款,"违反本条例之规定。处罚决定：【客运经营者、货运经营者不按照规定携带车辆营运证的】，由县级以上地方人民政府交通运输主管部门责令改正，处警告或者20元以上200元以下的罚款。
|【道路运输经营者未按本条例规定随车携带车辆营运证、客运标志牌的】，由县级以上道路运输管理机构责令改正，处警告或者二十元以上二百元以下罚款。
|违反本规定，取得道路货物运输经营许可的道路货物运输经营者使用无道路运输证的车辆参加货物运输的，由县级以上道路运输管理机构责令改正，处3000元以上1万元以下的罚款。
　　违反本规定，【道路货物运输经营者不按照规定携带《道路运输证》的】，由县级以上道路运输管理机构责令改正，处警告或者20元以上200元以下的罚款。","违法事实：你单位在2018年有一辆厢式货车有违法嫌疑，于是指挥该车驾驶员靠边停车接受检查。经检查相关证件，并对该车驾驶员徐某制作现场笔录后发现：该车驾驶员徐某驾驶厢式货车违反《中华人民共和国道路运输条例》第三十三条、《浙江省道路运输条例》第三十二条第一款、《道路货物运输及站场管理规定》第二十一条，货运经营者不按照规定携带车辆营运证。
处罚依据：《中华人民共和国道路运输条例》第六十八条、《浙江省道路运输条例》第七十八条、《道路货物运输及站场管理规定》第五十八条第二款 之规定。
处罚决定：对你单位处以罚款人民币50元整。
|违法事实：你单位2018年有一辆厢式货车有违法嫌疑，于是指挥该车驾驶员靠边停车接受检查。经检查相关证件，并对该车驾驶员王某制作现场笔录后发现：该车驾驶员驾驶厢式货车违反《中华人民共和国道路运输条例》第三十三条、《浙江省道路运输条例》第三十二条第一款、《道路货物运输及站场管理规定》第二十一条，货运经营者不按照规定携带车辆营运证。
处罚依据：《中华人民共和国道路运输条例》第六十八条、《浙江省道路运输条例》第七十八条、《道路货物运输及站场管理规定》第五十八条第二款 之规定。
处罚决定：对你单位处以罚款人民币100元整。",客运经营者、货运经营者不按照规定携带《道路运输证》等车辆营运证件。,责令改正|警告|罚款,处警告或者20元以上200元以下的罚款,暂无,,
货运车辆,营运问题,道路运输企业未有效执行交通违法动态信息处理制度,《道路运输车辆动态监督管理办法》第三十五条第（二）项,"违反本办法之规定。处罚决定：道路运输企业有下列情形之一的，由县级以上道路运输管理机构责令改正。拒不改正的，处1000元以上3000元以下罚款：
　　（一）道路运输企业未使用符合标准的监控平台、监控平台未接入联网联控系统、未按规定上传道路运输车辆动态信息的；
　　（二）【未建立或者未有效执行交通违法动态信息处理制度】、对驾驶员交通违法处理率低于90%的；
　　（三）未按规定配备专职监控人员，或者监控人员未有效履行监控职责的。","违法事实：你单位所属的客车存在严重超速现象；几辆客车存在严重疲劳驾驶现象；某客车凌晨2-5时运行次数7，但是接驳记录条数只有3，接驳记录次数少于凌晨2-5时接驳次数，该公司制定了车辆动态监控制度，但是未有效执行，因违反《道路运输车辆动态监督管理办法》第三十六条第（二）项，道路运输企业未有效执行交通违法动态信息处理制度被我执法人员查获。
处罚依据：《道路运输车辆动态监督管理办法》第三十六条第（二）项之规定。
处罚决定：对你单位处以罚款人民币8000元整。
|违法事实：你单位动态监控记录不全，抽查动态监控数据发现4月份共有8辆车存在超速行驶情况，违反《道路运输车辆动态监督管理办法》第三十六条第（二）项，道路运输企业未有效执行交通违法动态信息处理制度。
处罚依据：《道路运输车辆动态监督管理办法》第三十六条第（二）项 之规定。
处罚决定：对你单位处以罚款人民币3500元整。",道路运输企业未建立或者未有效执行交通违法动态信息处理制度。,责令改正|罚款,拒不改正的，处1000元以上3000元以下罚款,暂无,,
货运车辆,营运问题,没有配备专职监控人员，或者监控人员未有效履行监控职责,《道路运输车辆动态监督管理办法》第三十五条第（三）项,"违反本办法之规定。处罚决定：道路运输企业有下列情形之一的，由县级以上道路运输管理机构责令改正。拒不改正的，处1000元以上3000元以下罚款：
　　（一）道路运输企业未使用符合标准的监控平台、监控平台未接入联网联控系统、未按规定上传道路运输车辆动态信息的；
　　（二）未建立或者未有效执行交通违法动态信息处理制度、对驾驶员交通违法处理率低于90%的；
　　（三）【未按规定配备专职监控人员，或者监控人员未有效履行监控职责的】。","违法事实：你单位存在8辆车未上传车辆动态信息，经查由于该公司两名GPS监控员工作失职，未及时发现车辆动态数据未上传的情况，因违反《道路运输车辆动态监督管理办法》第十五条，道路运输企业未按规定上传道路运输车辆动态信息。
处罚依据：《道路运输车辆动态监督管理办法》第三十六条第（一）项 之规定。
处罚决定：对你单位处以罚款人民币3000元整。
|违法事实: 你单位未发现事故车辆的GPS离线情况，未及时纠正上传车辆动态监控信息，未按规定教育处理动态监控人员。执法人员依法取得动态监控员询问笔录原件、GPS离线监控截图原件、动态监控记录1原件、动态监控记录2原件等相关证据。
处罚依据: 《道路运输车辆动态监督管理办法》第三十六条第（一）项之规定。
处罚决定：对你单位处责令改正并罚款人民币5000元整。",道路运输企业未按规定配备专职监控人员，或者监控人员未有效履行监控职责。,责令改正|罚款,拒不改正的，处1000元以上3000元以下罚款,暂无,,
货运车辆,营运问题,不按规定悬挂、标明运输标志,《道路货物运输及站场管理规定》第六十五条第（二）项,"违反本规定，有下列行为之一的，由县级以上道路运输管理机构责令限期整改，整改不合格的，予以通报：
（一）没有按照国家有关规定在货运车辆上安装符合标准的具有行驶记录功能的卫星定位装置的；
（二）【大型物件运输车辆不按规定悬挂、标明运输标志的】；
（三）发生公共突发性事件，不接受当地政府统一调度安排的；
（四）因配载造成超限、超载的；
（五）运输没有限运证明物资的；
（六）未查验禁运、限运物资证明，配载禁运、限运物资的。",暂无,大型物件运输车辆不按规定悬挂、标明运输标志。,责令整改|通报批评,暂无,暂无,,
货运车辆,营运问题,不接受当地政府统一调度安排,《道路货物运输及站场管理规定》第六十五条第（三）项,"违反本规定，有下列行为之一的，由县级以上道路运输管理机构责令限期整改，整改不合格的，予以通报：
（一）没有按照国家有关规定在货运车辆上安装符合标准的具有行驶记录功能的卫星定位装置的；
（二）大型物件运输车辆不按规定悬挂、标明运输标志的；
（三）【发生公共突发性事件，不接受当地政府统一调度安排的】；
（四）因配载造成超限、超载的；
（五）运输没有限运证明物资的；
（六）未查验禁运、限运物资证明，配载禁运、限运物资的。",暂无,发生公共突发性事件，货物运输经营者不接受当地政府统一调度安排。,责令整改|通报批评,暂无,暂无,,
货运车辆,营运问题,运输物资没有限运证明,《道路货物运输及站场管理规定》第六十五条第（五）项,"违反本规定，有下列行为之一的，由县级以上道路运输管理机构责令限期整改，整改不合格的，予以通报：
（一）没有按照国家有关规定在货运车辆上安装符合标准的具有行驶记录功能的卫星定位装置的；
（二）大型物件运输车辆不按规定悬挂、标明运输标志的；
（三）发生公共突发性事件，不接受当地政府统一调度安排的；
（四）因配载造成超限、超载的；
（五）【运输没有限运证明物资的】；
（六）未查验禁运、限运物资证明，配载禁运、限运物资的。",暂无,货运车辆运输没有限运证明的物资。,责令整改|通报批评,暂无,暂无,,
货运车辆,营运问题,配载禁运、限运物资,《道路货物运输及站场管理规定》第六十五条第（六）项,"违反本规定，有下列行为之一的，由县级以上道路运输管理机构责令限期整改，整改不合格的，予以通报：
（一）没有按照国家有关规定在货运车辆上安装符合标准的具有行驶记录功能的卫星定位装置的；
（二）大型物件运输车辆不按规定悬挂、标明运输标志的；
（三）发生公共突发性事件，不接受当地政府统一调度安排的；
（四）因配载造成超限、超载的；
（五）运输没有限运证明物资的；
（六）【未查验禁运、限运物资证明，配载禁运、限运物资的】。",暂无,货运车辆未查验禁运、限运物资证明，配载禁运、限运物资。,责令整改|通报批评,暂无,暂无,,
货运车辆,营运问题,道路运输企业未及时上传车辆动态信息,《道路运输车辆动态监督管理办法》第三十五条第（一）项,"违反本办法之规定。处罚决定：道路运输企业有下列情形之一的，由县级以上道路运输管理机构责令改正。拒不改正的，处1000元以上3000元以下罚款：
　　（一）道路运输企业未使用符合标准的监控平台、监控平台未接入联网联控系统、【未按规定上传道路运输车辆动态信息的】；
　　（二）未建立或者未有效执行交通违法动态信息处理制度、对驾驶员交通违法处理率低于90%的；
　　（三）未按规定配备专职监控人员，或者监控人员未有效履行监控职责的。","违法事实：2019年08月，市道路运输管理局执法人员在综合监管平台发现甲公司客运车辆连续7天有2天及以上有卡口数据无卫星定位数据，经调查：甲公司违反《道路运输车辆动态监督管理办法》第十五条，道路运输企业未按规定上传道路运输车辆动态信息。
处罚依据：《道路运输车辆动态监督管理办法》第三十六条第（一）项之规定。
处罚决定：处以罚款人民币7000元整，责令改正。
|违法事实：2018年10月，市交通运输局执法人员发现乙公司某车辆的电子路单信息为：04日在A机场油库装货，04日在B机场卸货 ，但是有电子路单，无gps记录。经调查：乙公司的该牵引车违反《道路运输车辆动态监督管理办法》第十五条，道路运输企业未按规定上传道路运输车辆动态信息。
处罚依据：《道路运输车辆动态监督管理办法》第三十六条第（一）项之规定。
处罚决定：处以罚款人民币3000元整，责令改正。",道路运输企业未使用符合标准的监控平台、监控平台未接入联网联控系统、未按规定上传道路运输车辆动态信息。,责令改正|罚款,拒不改正的，处1000元以上3000元以下罚款,暂无,,
货运车辆,营运问题,伪造、篡改、删除车辆动态监控数据,《道路运输车辆动态监督管理办法》第三十七条,违反本办法之规定。处罚决定：【道路运输企业或者提供道路运输车辆动态监控社会化服务的单位伪造、篡改、删除车辆动态监控数据的】，由县级以上道路运输管理机构责令改正，处500元以上2000元以下罚款。,"违法事实：2021年4月，区交通运输局执法人员对甲公司检查，在对甲公司台账检查时发现该公司车辆动态监控台账和实际不符，其行为系伪造车辆动态监控数据。
处罚依据：《道路运输车辆动态监督管理办法》第二十九条之规定。
处罚决定：责令改正并罚款人民币2600元整。
|违法事实: 2021年4月，区交通运输局行政执法人员进行了检查，发现乙公司有篡改车辆动态监控数据的违法行为。执法人员依法取得对张某的询问笔录、营业执照复印件、道路运输经营许可证复印件、法人身份证复印件、现场照片、安全管理监督检查记录复印件等相关证据。
处罚依据: 《道路运输车辆动态监督管理办法》第三十八条第（二）项之规定。
处罚决定：责令改正并罚款人民币2600元整。",道路运输企业或者提供道路运输车辆动态监控社会化服务的单位伪造、篡改、删除车辆动态监控数据。,责令改正|罚款,处500元以上2000元以下罚款,暂无,,
货运车辆,营运问题,超限/超载运输,《浙江省公路条例》第五十三条第一款第（三）项|《超限运输车辆行驶公路管理规定》第三十六条第一款,"货运车辆违反本条例第三十四条第一款规定超限运输的，由设区的市、县（市、区）交通运输主管部门按照下列规定处理：
（一） 车货总质量未超过最高限值百分之二十的，给予批评教育，可以不予处罚；
（二） 车货总质量超过最高限值百分之二十以上百分之五十以下的，对百分之二十以上百分之五十以下的部分，处每吨三百元罚款；
（三） 【车货总质量超过最高限值百分之五十的，对百分之二十以上百分之五十以下的部分，处每吨三百元罚款；对超过百分之五十的部分，处每吨五百元罚款。最高不得超过三万元】。
对卸载在固定超限运输检测站点的超限货物，当事人应当自卸载之日起十日内领取。逾期不领取的，经再次通知限期领取后仍不领取的，设区的市、县（市、区）交通运输主管部门可以采取依法拍卖、变卖、清理等方式予以处置。拍卖、变卖所得扣除合理支出后上缴国库。
|经检测认定违法超限运输的，【公路管理机构应当责令当事人自行采取卸载等措施，消除违法状态】；当事人自行消除违法状态确有困难的，可以委托第三人或者公路管理机构协助消除违法状态。
属于载运不可解体物品，在接受调查处理完毕后，需要继续行驶公路的，应当依法申请公路超限运输许可。","违法事实: 2021年9月，当事人驾驶一辆自卸货车（4轴）行经某地时，经车辆超限运输检测技术监控设备检测，车货总质量50.91吨。依据《超限运输车辆行驶公路管理规定》第三条第一款第(六)项之规定。认定该车车货总质量超限19.91吨。
处罚依据: 《超限运输车辆行驶公路管理规定》第三十六条第一款、《浙江省公路条例》第五十三条第一款第（三）项之规定。
处罚决定：罚款人民币4995元整的行政处罚。",货运车辆因配载造成超限、超载运输。,罚款|责令整改|通报批评|消除违法状态,车货总质量超过最高限值百分之五十的，对百分之二十以上百分之五十以下的部分，处每吨三百元罚款；对超过百分之五十的部分，处每吨五百元罚款。最高不得超过三万元,暂无,,
货运车辆,营运问题,道路运输车辆定位装置故障/不能即时传递定位信息,《道路运输车辆动态监督管理办法》第三十六条,违反本办法之规定。处罚决定：【道路运输经营者使用卫星定位装置不能保持在线的运输车辆从事经营活动的】，由县级以上道路运输管理机构对其进行教育并责令改正，拒不改正或者改正后再次发生同类违反规定情形的，处200元以上800元以下罚款,"违法事实: 2021年11月，本机关行政执法人员通过道路运输行业综合监管平台发现：甲公司所属车辆有卡口数据但无卫星定位数据，执法人员开具责令整改通知书，要求企业立即整改，保证所有车辆营运状态下卫星定位装置在线。后执法人员再次发现：甲公司所属车辆有卡口数据但无卫星定位数据。执法人员依法对沈某进行了询问并制作了《询问笔录》，同时还取得工单、责令整改通知书原件、营业执照原件、道路运输经营许可证原件、法定代表人身份证影印件等相关证据。
处罚依据: 《道路运输车辆动态监督管理办法》第三十七条之规定。
处罚决定：责令改正并罚款人民币800元整。
|违法事实: 2021年12月，市交通运输局执法人员通过客运监测系统排查企业异常时，发现乙公司的普通客车在机场主线卡口无卫星定位数据，当时该车辆从事包车业务。经核查，乙公司的另一辆客运车从事包车业务，也出现有卡口无卫星定位数据的工单，执法人员上门检查后已开具责令改正通知书。
处罚依据: 《道路运输车辆动态监督管理办法》第三十七条之规定。
处罚决定：责令改正并罚款人民币800元整。",道路运输经营者使用卫星定位装置不能保持在线的运输车辆从事经营活动。,责令改正|罚款,拒不改正或者改正后再次发生同类违反规定情形的，处200元以上800元以下罚款,暂无,,
